toban,name,kana,branch
2538,高橋二朗,たかはしじろう,東京
2878,富山弘幸,とみやまひろゆき,大阪
3024,西島義則,にしじまよしのり,広島
3054,北川幸典,きたがわゆきのり,広島
3070,山室展弘,やまむろのぶひろ,岡山
3072,西田靖,にしだやすし,東京
3075,中村裕将,なかむらひろのぶ,埼玉
3081,岡本慎治,おかもとしんじ,山口
3105,内山文典,うちやまふみのり,東京
3107,平岡重典,ひらおかしげのり,大阪
3156,金子良昭,かねこよしあき,静岡
3158,島川光男,しまかわみつお,広島
3159,江口晃生,えぐちあきお,群馬
3161,古場輝義,こばてるよし,大阪
3175,渡辺千草,わたなべちぐさ,東京
3176,長谷川巌,はせがわいわお,山口
3188,日高逸子,ひだかいつこ,福岡
3202,三品隆浩,みしなたかひろ,東京
3207,田村美和,たむらみわ,東京
3211,北川敏弘,きたがわとしひろ,佐賀
3212,亀本勇樹,かめもとゆうき,広島
3224,栗山繁洋,くりやましげひろ,佐賀
3226,浦田信義,うらたのぶよし,東京
3232,山川美由紀,やまかわみゆき,香川
3233,小畑実成,おばたみなり,岡山
3246,星野政彦,ほしのまさひこ,兵庫
3251,平石和男,ひらいしかずお,埼玉
3256,三角哲男,みすみてつお,東京
3257,田頭実,たどうみのる,福岡
3265,今村暢孝,いまむらのぶたか,福岡
3268,森竜也,もりたつや,三重
3273,石田豪,いしだつよし,広島
3277,齋藤勇,さいとういさむ,東京
3282,池本輝明,いけもとてるあき,広島
3284,渡邊伸太郎,わたなべしんたろう,佐賀
3286,坂東満,ばんどうみつる,静岡
3289,高橋淳美,たかはしあつみ,大阪
3293,宮内由紀英,みやうちゆきひで,東京
3294,野中義生,のなかよしお,静岡
3297,藤丸光一,ふじまるこういち,福岡
3300,川崎智幸,かわさきともゆき,岡山
3302,谷川里江,たにかわりえ,愛知
3303,渡辺豊,わたなべゆたか,東京
3304,烏野賢太,うのけんた,徳島
3305,小野信樹,おののぶき,岡山
3306,武田正紀,たけだまさのり,埼玉
3313,本吉正樹,もとよしまさじ,東京
3315,広瀬聖仁,ひろせまさひと,愛知
3319,山崎義明,やまざきよしあき,埼玉
3327,野長瀬正孝,のながせまさたか,静岡
3333,丸尾義孝,まるおよしたか,徳島
3334,角ひとみ,すみひとみ,広島
3339,泉具巳,いずみともみ,兵庫
3340,池田雷太,いけだらいた,東京
3346,宮本裕之,みやもとひろゆき,兵庫
3349,吉田一郎,よしだいちろう,長崎
3350,藤本佳史,ふじもとよしふみ,山口
3352,小川晃司,おがわこうじ,福岡
3353,前田光昭,まえだみつあき,埼玉
3355,橋谷田佳織,はしやだかおり,東京
3357,福島陽子,ふくしまよおこ,岡山
3361,岡部浩,おかべひろし,徳島
3362,間嶋仁志,ましまひとし,三重
3370,坪内実,つぼうちみのる,大阪
3372,加藤雅之,かとうまさゆき,広島
3377,塚田修二,つかだしゅうじ,東京
3381,滝沢芳行,たきざわよしゆき,埼玉
3385,渡邉睦広,わたなべのぶひろ,東京
3388,今垣光太郎,いまがきこうたろう,福井
3391,鈴木茂正,すずきしげまさ,東京
3392,小森信雄,こもりのぶお,三重
3401,上田隆章,うえたたかあき,香川
3406,中里英夫,なかざとひでお,群馬
3411,池上隆行,いけがみたかゆき,広島
3412,鈴木博,すずきひろし,埼玉
3414,加瀬智宏,かせともひろ,群馬
3415,松井繁,まついしげる,大阪
3419,栗原謙治,くりはらけんじ,群馬
3422,服部幸男,はっとりゆきお,静岡
3430,角浜修,かくはまおさむ,広島
3432,宮迫暢彦,みやさこのぶひこ,大阪
3434,松尾宣邦,まつおのぶくに,福岡
3435,寺田千恵,てらだちえ,岡山
3436,柏野幸二,かしのこうじ,岡山
3439,大平誉史明,おおひらよしあき,大阪
3441,土屋太朗,つちやたろう,群馬
3442,宮武英司,みやたけえいじ,香川
3444,香月大介,かつきだいすけ,福岡
3445,加藤高史,かとうたかし,埼玉
3448,高山秀雄,たかやまひでお,群馬
3454,井川大作,いかわだいさく,岡山
3455,谷本幸司,たにもとこうじ,愛知
3458,東健介,ひがしけんすけ,岡山
3459,中野和裕,なかのかずひろ,佐賀
3461,渡邊哲也,わたなべてつや,静岡
3462,竹上真司,たけうえしんじ,岡山
3463,乙津康志,おつやすし,東京
3467,森弘行,もりひろゆき,東京
3470,新田芳美,にったよしみ,徳島
3471,赤峰和也,あかみねかずや,佐賀
3473,石川真二,いしかわしんじ,福岡
3474,松瀬弘美,まつせひろみ,静岡
3475,橋本久和,はしもとひさかず,群馬
3477,近藤稔也,こんどうとしや,徳島
3478,嶋田貴支,しまだたかし,香川
3482,金子猛志,かねこたけし,群馬
3484,芝田浩治,しばたこうじ,兵庫
3489,大場敏,おおばさとし,静岡
3497,後藤浩,ごとうひろし,埼玉
3499,市川哲也,いちかわてつや,広島
3502,渡邉英児,わたなべえいじ,静岡
3503,堂原洋史,どうはらひろふみ,埼玉
3505,山田竜一,やまだりゅういち,東京
3507,藤井徹,ふじいとおる,大阪
3508,久富政弘,ひさとみまさひろ,佐賀
3509,池千夏,いけちなつ,香川
3514,山一鉄也,やまいちてつや,福岡
3516,吉原聖人,よしはらきよと,広島
3517,高橋勲,たかはしいさお,東京
3518,倉田郁美,くらたいくみ,静岡
3519,冨田秀幸,とみたひでゆき,愛知
3523,寳田亮治,たからだりょうじ,福岡
3527,中嶋誠一郎,なかしませいいちろう,長崎
3528,笠野友紀恵,かさのゆきえ,愛知
3532,柴田光,しばたひかる,群馬
3535,渡修平,わたりしゅうへい,兵庫
3538,菊池峰晴,きくちみねはる,群馬
3539,金子順一,かねこじゅんいち,山口
3541,三嶌誠司,みしませいじ,香川
3542,清水紀克,しみずのりかつ,愛知
3543,福田雅一,ふくだまさかず,香川
3544,豊田訓靖,とよだくにやす,静岡
3546,中里昌志,なかさとまさし,埼玉
3548,室田泰史,むろたやすふみ,福井
3550,都築正治,つづきまさはる,愛知
3551,藤田美代,ふじたみよ,福岡
3553,平池仁志,ひらいけひとし,香川
3554,仲口博崇,なかぐちひろたか,愛知
3556,田中信一郎,たなかしんいちろう,大阪
3557,太田和美,おおたかずみ,大阪
3558,山本浩次,やまもとこうじ,岡山
3562,山下和彦,やましたかずひこ,広島
3563,堤昇,つつみのぼる,静岡
3564,桑原啓,くわはらあきら,福岡
3566,川添英正,かわぞえひでまさ,福岡
3567,吉岡誠,よしおかまこと,山口
3568,木村光宏,きむらみつひろ,香川
3569,増田進,ますだすすむ,東京
3572,安田政彦,やすだまさひこ,兵庫
3574,大神康司,おおがみこうじ,福岡
3576,白水勝也,しろうずかつや,福岡
3577,向所浩二,むかいじょこうじ,兵庫
3578,塩田雄一,しおたゆういち,香川
3579,中里優子,なかさとゆうこ,埼玉
3580,水口由紀,みなくちゆき,滋賀
3581,加木郁,かぎかおる,山口
3582,吉川昭男,よしかわあきお,滋賀
3583,齋藤智裕,さいとうともひろ,埼玉
3584,佐々木英樹,ささきひでき,広島
3587,武田信一,たけだしんいち,徳島
3589,西村勝,にしむらまさる,埼玉
3590,濱野谷憲吾,はまのやけんご,東京
3591,後藤孝義,ごとうたかよし,静岡
3593,横井光弘,よこいみつひろ,長崎
3596,河上年昭,かわかみとしあき,埼玉
3600,玄馬徹,げんばとおる,岡山
3602,奥平拓也,おくだいらたくや,東京
3604,武藤綾子,むとうあやこ,福岡
3605,中村守成,なかむらもりしげ,三重
3606,川北浩貴,かわきたひろたか,滋賀
3607,原田智和,はらだともかず,大阪
3611,岩崎芳美,いわさきよしみ,徳島
3612,馬袋義則,ばたいよしのり,兵庫
3613,角谷健吾,すみやけんご,東京
3614,谷勝幸,たにかつゆき,広島
3615,横田茂,よこたしげる,広島
3616,中村真,なかむらまこと,福岡
3617,竹田広樹,たけだひろき,佐賀
3618,海野ゆかり,うんのゆかり,広島
3619,長谷川充,はせがわみつる,群馬
3620,信濃由行,しなのよしゆき,福井
3621,天野晶夫,あまのあきお,愛知
3623,深川真二,ふかがわしんじ,佐賀
3627,井上恵一,いのうえけいいち,福岡
3629,浅見昌克,あさみまさかつ,埼玉
3630,黒田誠司,くろだせいじ,静岡
3631,田添康介,たぞえこうすけ,長崎
3635,石田政吾,いしだせいご,福井
3637,齋藤和政,さいとうかずまさ,愛知
3641,一瀬明,いちのせあきら,東京
3642,大塚浩二,おおつかこうじ,静岡
3643,米田隆弘,よねだたかひろ,岡山
3644,矢橋成介,やはしせいすけ,三重
3645,淺田千亜希,あさだちあき,徳島
3647,伊藤雄二,いとうゆうじ,埼玉
3652,森下勇,もりしたいさむ,群馬
3653,品川賢次,しながわけんじ,群馬
3654,武田光史,たけだみつふみ,福井
3655,本橋克洋,もとはしかつひろ,群馬
3656,伯母芳恒,うばよしつね,東京
3659,藤生雄人,ふじゅうたけひと,群馬
3660,長谷川親王,はせがわちかお,香川
3661,柳瀬興志,やなせこうじ,山口
3662,大庭元明,おおばもとあき,福岡
3663,木山和幸,きやまかずゆき,広島
3664,鈴木賢一,すずきけんいち,埼玉
3679,飯島昌弘,いいじまあきひろ,埼玉
3680,森林太,もりばやしふとし,長崎
3681,山谷央,やまやしん,東京
3684,清水攻二,しみずこうじ,山口
3685,荒井輝年,あらいてるとし,岡山
3686,鳥居塚孝博,とりいづかたかひろ,群馬
3687,花田和明,はなだかずあき,愛知
3690,河合三弘,かわいみつひろ,愛知
3692,竹腰正樹,たけごしまさき,福井
3696,白井友晴,しらいともはる,埼玉
3697,勝野竜司,かつのたつじ,兵庫
3699,富永正人,とみながまさと,埼玉
3701,大西隆洋,おおにしたかひろ,香川
3702,貞兼淳二,さだかねじゅんじ,福岡
3703,鳥飼眞,とりかいまこと,福岡
3704,本部めぐみ,ほんぶめぐみ,三重
3708,岡部貴司,おかべたかし,岡山
3710,吉永泰弘,よしながやすひろ,香川
3711,江本真治,えもとしんじ,山口
3712,淺香文武,あさかふみたけ,三重
3713,伊藤誠二,いとうせいじ,愛知
3714,梶原正,かじわらただし,福岡
3715,倉尾大介,くらおだいすけ,福岡
3716,石渡鉄兵,いしわたてっぺい,東京
3717,立間充宏,たつまみつひろ,岡山
3718,伊達正利,だてまさとし,静岡
3719,辻栄蔵,つじえいぞう,広島
3721,守田俊介,もりたしゅんすけ,滋賀
3722,西村秀樹,にしむらひでき,福岡
3726,桂林寛,かつらばやしひろし,福岡
3730,塩崎優司,しおさきゆうじ,愛知
3731,高濱芳久,たかはまよしひさ,広島
3736,岡本猛,おかもとたけし,大阪
3737,上平真二,うえひらしんじ,広島
3740,大澤普司,おおさわしんじ,群馬
3741,松尾基成,まつおもとなり,福岡
3742,宮地秀祈,みやちひでき,福岡
3743,林美憲,はやしよしのり,徳島
3744,徳増秀樹,とくますひでき,静岡
3745,橋本年光,はしもととしみつ,兵庫
3746,岡瀬正人,おかせまさと,岡山
3747,國崎良春,くにさきよしはる,福岡
3748,小黒竜吾,おぐろりゅうご,埼玉
3752,宇土泰就,うとやすなり,福岡
3757,畑和宏,はたかずひろ,広島
3761,山本光雄,やまもとみつお,滋賀
3769,佐竹恒彦,さたけつねひこ,滋賀
3771,折下寛法,おりしたひろのり,東京
3772,一柳和孝,いちやなぎかずたか,埼玉
3773,津留浩一郎,つるこういちろう,長崎
3775,泉啓文,いずみひろふみ,岡山
3776,横井健太,よこいけんた,愛知
3777,樋口亮,ひぐちりょう,長崎
3778,安達美帆,あだちみほ,埼玉
3779,原田幸哉,はらだゆきや,長崎
3783,瓜生正義,うりゅうまさよし,福岡
3784,中島友和,なかしまともかず,佐賀
3787,天野誠,あまのまこと,岡山
3788,一宮稔弘,いちみやとしひろ,徳島
3790,佐口達也,さぐちたつや,群馬
3792,田中豪,たなかつよし,東京
3793,高橋真吾,たかはししんご,埼玉
3796,長野道臣,ながのみちお,静岡
3797,岩井繁,いわいしげる,広島
3800,牧宏次,まきこうじ,東京
3801,五反田忍,ごたんだしのぶ,大阪
3802,森岡まき,もりおかまき,岡山
3804,中渡修作,なかわたりしゅうさく,福岡
3805,高橋英之,たかはしひでゆき,東京
3807,岡部哲,おかべさとし,埼玉
3808,秋田健太郎,あきたけんたろう,埼玉
3809,吉田光,よしだみつる,佐賀
3811,石田章央,いしだあきひろ,静岡
3812,山崎聖司,やまざきせいじ,東京
3813,佐藤大介,さとうだいすけ,愛知
3814,金子貴志,かねこたかし,福井
3820,樫葉次郎,かしばじろう,徳島
3822,平尾崇典,ひらおたかのり,岡山
3825,宮嵜隆太郎,みやざきりゅうたろう,福岡
3826,村田修次,むらたしゅうじ,東京
3827,今泉徹,いまいずみとおる,群馬
3828,明石正之,あかしまさゆき,兵庫
3831,安藤裕貴,あんどうひろたか,愛知
3832,下田哲也,しもだてつや,香川
3833,中辻博訓,なかつじひろのり,福井
3834,細川明人,ほそかわあきと,岡山
3837,秋山広一,あきやまひろかず,香川
3838,伊藤啓三,いとうけいぞう,埼玉
3839,川合理司,かわいまさじ,静岡
3841,佐々木和伸,ささきかずのぶ,徳島
3842,星野太郎,ほしのたろう,三重
3843,上之晃弘,うえのあきひろ,長崎
3845,中谷朋子,なかたにともこ,兵庫
3848,川上聡介,かわかみそうすけ,愛知
3849,中岡正彦,なかおかまさひこ,香川
3850,小川知行,おがわともゆき,群馬
3851,森田昭彦,もりたあきひこ,福岡
3852,澤大介,さわだいすけ,三重
3853,岩崎正哉,いわさきまさや,福岡
3854,吉川元浩,よしかわもとひろ,兵庫
3855,大熊辰弥,おおくまたつや,香川
3857,阿波勝哉,あわかつや,東京
3859,多羅尾達之,たらおたつゆき,東京
3860,松本浩貴,まつもとひろき,埼玉
3863,海老澤泰行,えびさわやすゆき,東京
3866,木山誠一,きやませいいち,岡山
3867,松浦勝,まつうらまさる,愛知
3868,尾形栄治,おがたえいじ,東京
3869,井芹大志,いせりだいじ,福岡
3870,寺嶋雄,てらしまゆう,福井
3871,池田紫乃,いけだしの,長崎
3872,岡田憲行,おかだのりゆき,大阪
3873,別府昌樹,べっぷまさき,広島
3874,山本寛久,やまもとひろひさ,岡山
3875,廣中良一,ひろなかりょういち,山口
3876,中辻崇人,なかつじたかひと,福岡
3878,胡本悟志,えびすもとさとし,山口
3880,浅見宗孝,あさみむねのり,埼玉
3882,新田智彰,にったともあき,大阪
3885,久田武,ひさだたけし,愛知
3888,山本英志,やまもとえいし,東京
3889,須藤隆雄,すとうたかお,群馬
3891,谷口健一,たにぐちけんいち,福井
3892,草場康幸,くさばやすゆき,佐賀
3893,汐崎正則,しおざきまさのり,愛知
3895,堀本裕也,ほりもとゆうや,愛知
3896,上田洋平,うえだようへい,滋賀
3897,白井英治,しらいえいじ,山口
3898,平田忠則,ひらたただのり,福岡
3900,香川素子,かがわもとこ,滋賀
3901,松田憲幸,まつだのりゆき,山口
3902,蜷川哲平,にながわてっぺい,東京
3904,森貴洋,もりたかひろ,大阪
3905,天野友和,あまのともかず,愛知
3906,飯山晃三,いいやまこうぞう,長崎
3907,村越篤,むらこしあつし,香川
3908,重成一人,しげなりかずひと,香川
3909,佐々木康幸,ささきやすゆき,静岡
3910,松下知幸,まつしたともゆき,香川
3911,鈴木猛,すずきたけし,東京
3912,川原正明,かわらまさあき,福井
3915,繁野谷圭介,しげのやけいすけ,大阪
3918,深井利寿,ふかいとしひさ,滋賀
3920,正木聖賢,まさきせいけん,広島
3921,川村正輝,かわむらまさき,福井
3922,菅沼佳昭,すがぬまよしあき,愛知
3928,林恵祐,はやしけいすけ,福岡
3929,杢野誓良,もくのちかよし,愛知
3930,岸本隆,きしもとたかし,岡山
3931,黒崎竜也,くろさきたつや,三重
3932,池田浩美,いけだひろみ,静岡
3933,山地正樹,やまじまさき,岡山
3934,鋤柄貴俊,すきがらたかとし,愛知
3935,岩津徹郎,いわつてつろう,岡山
3939,渡辺真至,わたなべまさし,愛知
3940,飯山泰,いいやまやすし,東京
3941,池田浩二,いけだこうじ,愛知
3942,寺田祥,てらだしょう,山口
3943,三松直美,みまつなおみ,岡山
3944,山口裕二,やまぐちゆうじ,長崎
3945,橋口真樹,はしぐちまき,愛知
3946,赤岩善生,あかいわよしお,愛知
3947,寺本昇平,てらもとしょうへい,群馬
3948,大町利克,おおまちとしかつ,大阪
3949,今出晋二,いまでしんじ,岡山
3950,石川哲秀,いしかわてっしゅう,大阪
3951,石川吉鎬,いしかわよしたか,大阪
3952,中澤和志,なかざわかずし,埼玉
3953,志道吉和,しどうよしかず,福岡
3955,眞田英二,さなだえいじ,徳島
3956,横澤剛治,よこざわこうじ,静岡
3957,大谷直弘,おおたになおひろ,愛知
3959,坪井康晴,つぼいやすはる,静岡
3960,菊地孝平,きくちこうへい,静岡
3961,谷村一哉,たにむらかずや,山口
3963,原田秀弥,はらだひでや,大阪
3964,宮地博士,みやちひろし,長崎
3965,北中元樹,きたなかげんき,滋賀
3966,作間章,さくまあきら,東京
3967,鈴木茂高,すずきしげたか,愛知
3968,茶谷信次,ちゃたにしんじ,滋賀
3973,崎利仁,さきとしひと,群馬
3974,深山祐二,ふかやまゆうじ,佐賀
3975,小野寺智洋,おのでらともひろ,香川
3976,内田圭,うちだけい,山口
3977,山本兼士,やまもとけんじ,大阪
3978,齊藤仁,さいとうじん,東京
3981,今坂晃広,いまさかあきひろ,静岡
3982,福田理,ふくだおさむ,岡山
3983,須藤博倫,すどうひろみち,埼玉
3984,坂口周,さかぐちめぐる,三重
3986,沖島広和,おきしまひろかず,福岡
3987,後藤正宗,ごとうまさむね,静岡
3988,古川誠之,ふるかわまさゆき,愛知
3989,熊本英一,くまもとえいいち,佐賀
3990,芹澤克彦,せりざわかつひこ,静岡
3992,関口智久,せきぐちともひさ,埼玉
3993,永井聖美,ながいまさみ,東京
3994,小野桜,おのさくら,滋賀
3995,重野哲之,しげのさとし,静岡
3997,北村征嗣,きたむらせいじ,大阪
3998,冨成謙児,とみなりけんじ,佐賀
3999,大瀧明日香,おおたきあすか,愛知
4000,松本博昭,まつもとひろあき,広島
4002,古結宏,こげつひろし,兵庫
4003,表憲一,おもてけんいち,福井
4004,山本浩輔,やまもとこうすけ,長崎
4005,瀬川公則,せがわまさのり,山口
4006,小野勇作,おのゆうさく,佐賀
4007,榮田将彦,さかえだまさひこ,山口
4009,小林一樹,こばやしかずき,山口
4010,越智照浩,おちあきひろ,香川
4011,堀之内紀代子,ほりのうちきよこ,岡山
4012,中村有裕,なかむらゆうすけ,滋賀
4013,中島孝平,なかじまこうへい,福井
4014,片岡恵里,かたおかえり,山口
4015,前野竜一,まえのりょういち,山口
4016,西川新太郎,にしかわしんたろう,愛知
4017,向井美鈴,むかいみすず,山口
4019,笠原亮,かさはらりょう,静岡
4020,川上清人,かわかみきよと,香川
4022,待鳥雄紀,まちどりゆうき,福岡
4023,柴田友和,しばたともかず,福岡
4024,井口佳典,いぐちよしのり,三重
4025,山本隆幸,やまもとたかゆき,兵庫
4027,松江秀徳,まつえひでのり,佐賀
4028,田村隆信,たむらたかのぶ,徳島
4030,森高一真,もりたかかずま,香川
4031,飯島誠,いいじままこと,埼玉
4033,伊藤将吉,いとうまさよし,静岡
4034,西原明生,にしはらあきお,香川
4035,杉江浩明,すぎえひろあき,愛知
4036,金田諭,かねださとし,埼玉
4039,村上功祐,むらかみこうすけ,大阪
4040,廣瀬将亨,ひろせまさゆき,兵庫
4041,小林基樹,こばやしもとき,山口
4042,丸岡正典,まるおかまさのり,大阪
4043,桐本康臣,きりもとやすとみ,三重
4044,湯川浩司,ゆかわこうじ,大阪
4045,佐々木裕美,ささきひろみ,山口
4046,谷村啓司,たにむらけいじ,福岡
4047,吉永浩則,よしながひろのり,大阪
4049,荒川健太,あらかわけんた,三重
4050,田口節子,たぐちせつこ,岡山
4051,清水敦揮,しみずあつき,岡山
4052,興津藍,おきつあい,徳島
4053,芦澤望,あしざわのぞむ,東京
4054,福嶋智之,ふくしまともゆき,岡山
4055,吉田俊彦,よしだとしひこ,兵庫
4056,小西英輝,こにしひでき,福井
4057,松井賢治,まついけんじ,兵庫
4058,野末智一,のずえともかず,静岡
4059,入澤友治,いりざわゆうじ,東京
4060,島田一生,しまだいっせい,福岡
4061,萩原秀人,はぎはらひでと,福井
4062,後藤陽介,ごとうようすけ,愛知
4063,市橋卓士,いちはしたかし,徳島
4064,原田篤志,はらだあつし,山口
4065,金田幸子,かなだゆきこ,岡山
4066,東本勝利,ひがしもとかつとし,三重
4067,永井源,ながいみなもと,愛知
4068,幸田智裕,こうだちひろ,静岡
4069,山本修一,やまもとしゅういち,岡山
4071,古賀千晶,こがちあき,兵庫
4072,森永淳,もりながじゅん,佐賀
4073,大橋純一郎,おおはしじゅんいちろう,静岡
4074,柳沢一,やなぎさわはじめ,愛知
4075,中野次郎,なかのじろう,東京
4076,杉田篤光,すぎたとくみつ,静岡
4077,品田直樹,しなだなおき,東京
4078,渡辺史之,わたなべふみゆき,群馬
4079,出畑孝典,でばたたかのり,福岡
4080,山崎哲司,やまざきてつじ,愛知
4081,樋口範政,ひぐちのりまさ,愛知
4082,濱崎誠,はまさきまこと,大阪
4083,福島勇樹,ふくしまゆうき,東京
4084,杉山正樹,すぎやままさき,愛知
4085,荻野裕介,おぎのゆうすけ,東京
4086,寺本重宣,てらもとしげのぶ,東京
4089,妹尾忠幸,せのおただゆき,岡山
4090,中村尊,なかむらたける,埼玉
4092,岡部大輔,おかべだいすけ,佐賀
4093,吉田宗弘,よしだむねひろ,東京
4094,中島真二,なかしましんじ,福岡
4095,福来剛,ふくらいつよし,東京
4096,石橋道友,いしばしみちとも,長崎
4097,貫地谷直人,かんじやなおと,広島
4098,赤澤文香,あかざわふみか,岡山
4099,吉永則雄,よしながのりお,大阪
4100,松田隆司,まつだたかし,福岡
4102,益田啓司,ますだけいじ,福岡
4103,山崎善庸,やまざきよしのぶ,埼玉
4104,木下陽介,きのしたようすけ,東京
4105,松下直也,まつしたなおや,兵庫
4106,坂井康嗣,さかいやすし,佐賀
4108,吉村正明,よしむらまさあき,山口
4109,谷津幸宏,やつゆきひろ,埼玉
4110,小澤和也,おざわかずや,埼玉
4111,奥田誠,おくだまこと,広島
4112,大久保信一郎,おおくぼしんいちろう,佐賀
4113,木村浩士,きむらひろし,群馬
4114,深澤達徳,ふかさわたつのり,東京
4116,川田正人,かわたまさと,徳島
4117,廣中智紗衣,ひろなかちさえ,東京
4118,宇佐見淳,うさみじゅん,愛知
4119,泥谷一毅,ひじやかつき,大阪
4120,柘植政浩,つげまさひろ,滋賀
4121,富永修一,とみながしゅういち,福岡
4122,安東幸治,あんどうこうじ,福岡
4123,細川裕子,ほそかわゆうこ,愛知
4124,池田雄一,いけだゆういち,静岡
4128,川口貴久,かわぐちたかひさ,東京
4129,宇野博之,うのひろゆき,愛知
4131,原豊土,はらとよと,静岡
4133,高橋正男,たかはしまさお,兵庫
4134,杉山貴博,すぎやまたかひろ,東京
4136,江夏満,こうかみつる,福岡
4137,君島秀三,きみじましゅうぞう,滋賀
4138,中井俊祐,なかいしゅんすけ,大阪
4139,丹下健,たんげたけし,愛知
4140,梶野学志,かじのたかし,東京
4142,平野和明,ひらのかずあき,愛知
4143,浦田晃嗣,うらたこうじ,佐賀
4144,石塚久也,いしづかひさや,埼玉
4145,小澤学,おざわまなぶ,東京
4146,柳橋宏紀,やなぎばしひろき,滋賀
4148,枝尾賢,えだおまさる,福岡
4150,山田雄太,やまだゆうた,静岡
4151,下河誉史,しもがわたかふみ,福岡
4152,深水慎一郎,ふかみずしんいちろう,東京
4154,森安弘雅,もりやすひろまさ,香川
4155,長野壮志郎,ながのそうしろう,福岡
4156,浜野孝志,はまのたかし,三重
4158,木場雄二郎,こばゆうじろう,山口
4159,向後龍一,こうごりゅういち,埼玉
4161,黒柳浩孝,くろやなぎひろたか,愛知
4162,竹本太樹,たけもとたいじゅ,大阪
4163,山崎裕司,やまさきゆうじ,広島
4164,岩永節也,いわながせつや,長崎
4166,吉田拡郎,よしだかくろう,岡山
4167,片岡秀樹,かたおかひでき,徳島
4168,石野貴之,いしのたかゆき,大阪
4169,多田有佑,ただゆうすけ,東京
4171,榎幸司,えのきこうじ,長崎
4172,森定晃史,もりさだこうじ,岡山
4173,岡谷健吾,おかたにけんご,広島
4174,赤坂俊輔,あかさかしゅんすけ,長崎
4175,川尻泰輔,かわしりたいすけ,埼玉
4176,樋口喜彦,ひぐちよしひこ,兵庫
4177,萬正嗣,よろづまさつぐ,群馬
4179,広次修,ひろつぐおさむ,山口
4180,上野秀和,うえのひでかず,福岡
4181,花本夏樹,はなもとなつき,三重
4182,吉田和仁,よしだかずひと,滋賀
4183,宇野弥生,うのやよい,愛知
4184,渡邊雄一郎,わたなべゆういちろう,大阪
4186,小川時光,おがわときみつ,埼玉
4188,久田敏之,ひさだとしゆき,群馬
4189,川上剛,かわかみたけし,福岡
4190,長嶋万記,ながしままき,静岡
4191,赤羽克也,あかばかつや,埼玉
4193,郷原章平,ごうはらしょうへい,福岡
4195,前川守嗣,まえかわもりつぐ,福岡
4196,田中太一郎,たなかたいちろう,佐賀
4197,渥美卓郎,あつみたくろう,静岡
4199,北川潤二,きたがわじゅんじ,愛知
4200,早川尚人,はやかわひさと,大阪
4201,佐竹友樹,さたけゆうき,埼玉
4202,浮田圭浩,うきたよしひろ,岡山
4203,小倉康典,おぐらやすのり,群馬
4204,柴田大輔,しばただいすけ,福岡
4205,山口剛,やまぐちつよし,広島
4207,松下一也,まつしたかずや,静岡
4208,三浦永理,みうらえり,静岡
4209,藤田竜弘,ふじたたつひろ,静岡
4210,松村康太,まつむらこうた,福井
4211,村田敦,むらたあつし,東京
4213,重富伸也,しげとみしんや,長崎
4214,林祐介,はやしゆうすけ,岡山
4215,吉島祥之,よしじまよしゆき,愛知
4216,星栄爾,ほしえいじ,静岡
4218,吉川喜継,よしかわよしつぐ,滋賀
4219,本岡勝利,もとおかかつとし,広島
4220,深川和仁,ふかがわかずひと,香川
4224,大橋栄里佳,おおはしえりか,福岡
4225,土屋千明,つちやちあき,群馬
4226,村田浩司,むらたこうじ,山口
4227,安達裕樹,あだちゆうき,三重
4228,吉田慎二郎,よしだしんじろう,愛知
4229,市川美宏,いちかわよしひろ,静岡
4230,濱崎直矢,はまさきなおや,埼玉
4231,鈴木裕隆,すずきひろたか,愛知
4232,笠雅雄,りゅうまさお,福岡
4233,亀山雅幸,かめやままさゆき,群馬
4234,野相弘司,のあいひろし,福岡
4236,松村敏,まつむらさとし,福岡
4237,大峯豊,おおみねゆたか,山口
4238,毒島誠,ぶすじままこと,群馬
4239,竹田辰也,たけだたつや,山口
4240,今井裕梨,いまいゆり,群馬
4241,大串重幸,おおぐししげゆき,長崎
4243,西村歩,にしむらあゆみ,大阪
4244,鈴木成美,すずきなるみ,静岡
4245,高橋直哉,たかはしなおや,東京
4246,喜多那由夏,きたなゆか,静岡
4247,齊藤優,さいとうゆう,徳島
4248,岡本大,おかもとふとし,長崎
4251,川崎誠志,かわさきせいじ,山口
4252,松下哲也,まつしたてつや,福岡
4253,西川真人,にしかわまさと,滋賀
4254,川島圭司,かわしまけいじ,滋賀
4256,渡辺浩司,わたなべこうじ,福岡
4257,古川健,ふるかわけん,広島
4258,関根彰人,せきねあきひと,埼玉
4259,真庭明志,まにわひろし,長崎
4260,中越博紀,なかごしひろき,香川
4261,岡祐臣,おかゆうしん,三重
4262,馬場貴也,ばばよしや,滋賀
4263,武重雄介,たけしげゆうすけ,山口
4264,長尾章平,ながおしょうへい,山口
4266,長田頼宗,おさだよりむね,東京
4268,和合俊介,わごうしゅんすけ,福岡
4269,杉山裕也,すぎやまひろなり,愛知
4270,岸本雄貴,きしもとゆうき,三重
4271,川崎公靖,かわさききみやす,広島
4272,大場広孝,おおばひろたか,福岡
4273,佐藤旭,さとうあきら,静岡
4274,長畑友輔,ながはたゆうすけ,東京
4275,菅野はやか,かんのはやか,広島
4276,鈴木勝博,すずきかつひろ,愛知
4277,金田大輔,かねだだいすけ,岡山
4278,藤岡俊介,ふじおかしゅんすけ,兵庫
4281,大澤大夢,おおさわひろむ,埼玉
4283,石井裕美,いしいひろみ,東京
4286,平田さやか,ひらたさやか,東京
4287,今井貴士,いまいたかし,福岡
4288,永田啓二,ながたけいじ,福岡
4289,落合直子,おちあいなおこ,大阪
4290,稲田浩二,いなだこうじ,兵庫
4292,麻生慎介,あそうしんすけ,広島
4293,鈴木智啓,すずきともひろ,愛知
4294,古賀繁輝,こがしげき,佐賀
4295,小坂尚哉,こさかなおや,兵庫
4296,岡崎恭裕,おかざきやすひろ,福岡
4297,山田哲也,やまだてつや,東京
4298,宮下元胤,みやしたもとつぐ,愛知
4299,中島浩哉,なかしまひろや,長崎
4300,加藤綾,かとうあや,三重
4301,関裕也,せきゆうや,福岡
4302,西野翔太,にしのしょうた,広島
4303,牧原崇,まきはらたかし,愛知
4304,藤崎小百合,ふじさきさゆり,福岡
4305,金子拓矢,かねこたくや,群馬
4306,畔柳俊吾,くろやなぎしゅんご,愛知
4308,河村了,かわむらりょう,愛知
4311,岡村仁,おかむらまさし,大阪
4313,西村美智子,にしむらみちこ,香川
4314,青木幸太郎,あおきこうたろう,福岡
4315,山崎昂介,やまさきこうすけ,長崎
4317,木村紗友希,きむらさゆき,静岡
4318,桑原将光,くわばらまさみつ,東京
4319,三宅潤,みやけじゅん,大阪
4320,峰竜太,みねりゅうた,佐賀
4323,山田佑樹,やまだゆうき,岡山
4324,海野康志郎,うんのこうしろう,山口
4325,新出浩司,しんでこうじ,大阪
4327,加藤翔,かとうしょう,静岡
4329,小松卓司,こまつたくじ,福岡
4330,奈須啓太,なすけいた,福岡
4331,三好勇人,みよしはやと,香川
4332,村上彰一,むらかみしょういち,福岡
4335,若林将,わかばやししょう,東京
4336,松田竜馬,まつだたつま,福岡
4337,平本真之,ひらもとまさゆき,愛知
4339,平瀬城啓,ひらせくにひろ,福井
4340,土性雅也,どしょうまさや,三重
4342,谷野錬志,やのれんし,静岡
4343,村岡賢,むらおかけん,広島
4344,新田雄史,にったゆうし,三重
4345,西舘健,にしだてけん,東京
4346,前田健太郎,まえだけんたろう,福岡
4347,魚谷香織,うおたにかおり,福岡
4348,宮崎奨,みやざきすすむ,香川
4349,犬童千秋,いんどうちあき,福岡
4350,篠崎元志,しのざきもとし,福岡
4351,里岡右貴,さとおかゆうき,福岡
4352,下條雄太郎,しもじょうゆうたろう,長崎
4355,小川広大,おがわこうだい,福岡
4356,長岡良也,ながおかりょうや,兵庫
4357,田中和也,たなかかずや,大阪
4358,松本庸平,まつもとようへい,三重
4359,横川聖志,よこがわさとし,徳島
4360,庄司孝輔,しょうじこうすけ,静岡
4361,柳生泰二,やぎゅうたいじ,山口
4362,土屋智則,つちやとものり,群馬
4363,大野芳顕,おおのよしあき,福岡
4364,池永太,いけながふとし,福岡
4365,盛本真輔,もりもとしんすけ,兵庫
4366,前沢丈史,まえざわたけし,東京
4367,山口修路,やまぐちしゅうじ,福岡
4368,山口隆史,やまぐちたかふみ,福岡
4369,丹下将,たんげたもつ,愛知
4370,山口達也,やまぐちたつや,岡山
4371,西山貴浩,にしやまたかひろ,福岡
4372,原田佑実,はらだゆみ,大阪
4373,若狭奈美子,わかさなみこ,岡山
4374,永田義紘,ながたよしひろ,広島
4375,照屋厚仁,てるやあつひと,兵庫
4376,藤田靖弘,ふじたやすひろ,静岡
4377,濱本優一,はまもとゆういち,大阪
4379,桑島和宏,くわじまかずひろ,東京
4380,鈴木峻佑,すずきしゅんすけ,静岡
4381,田路朋史,とうじともひと,兵庫
4382,高山智至,たかやまさとし,滋賀
4383,竹田吉行,たけだよしゆき,徳島
4384,鶴本崇文,つるもとたかふみ,大阪
4385,鈴木祐美子,すずきゆみこ,三重
4387,平山智加,ひらやまちか,香川
4388,是澤孝宏,これさわたかひろ,滋賀
4389,伊藤喜智,いとうよしとも,大阪
4390,松本弓雄,まつもとゆみお,徳島
4391,松田祐季,まつだゆうき,福井
4393,田中孝明,たなかたかあき,福岡
4394,永嶋裕一,ながしまゆういち,福岡
4395,下河雅史,しもがわまさふみ,福岡
4396,大田直弥,おおたなおや,山口
4397,西村拓也,にしむらたくや,大阪
4398,船岡洋一郎,ふなおかよういちろう,広島
4399,松本晶恵,まつもとあきえ,群馬
4400,加藤奈月,かとうなつき,福井
4401,小林泰,こばやしやすし,東京
4402,乙藤智史,おとふじさとし,福岡
4403,木下大將,きのしただいすけ,福岡
4404,岸蔭亮,きしかげあきら,兵庫
4405,南野利騰,みなみのとしたか,福井
4406,幸野史明,こうのふみあき,福岡
4407,鹿島敏弘,かしまとしひろ,群馬
4408,仁科さやか,にしなさやか,長崎
4409,坂元浩仁,さかもとひろひと,愛知
4410,井上大輔,いのうえだいすけ,岡山
4411,沢田昭宏,さわだあきひろ,大阪
4413,水摩敦,みずまあつし,福岡
4414,大澤真菜,おおさわまな,東京
4415,下出卓矢,しもでたくや,福井
4416,三宅健太,みやけけんた,広島
4417,服部剛,はっとりつよし,静岡
4418,茅原悠紀,かやはらゆうき,岡山
4419,原加央理,はらかおり,埼玉
4420,津久井拓也,つくいたくや,群馬
4421,森作広大,もりさくこうた,東京
4422,永井亮次,ながいりょうじ,大阪
4423,坂口貴彦,さかぐちたかひこ,岡山
4424,松尾昂明,まつおたかあき,福岡
4425,大井清貴,おおいきよき,山口
4427,秦英悟,はたえいご,大阪
4428,有賀達也,あるがたつや,埼玉
4429,豊田泰洋,とよたやすひろ,広島
4430,永田秀二,ながたしゅうじ,東京
4431,石塚裕介,いしづかゆうすけ,三重
4432,黄金井力良,こがねいりきら,埼玉
4433,川野芽唯,かわのめい,福岡
4434,田中辰彦,たなかたつひこ,広島
4435,服部達哉,はっとりたつや,愛知
4436,渋谷明憲,しぶやあきのり,大阪
4437,中田元泰,なかたげんた,香川
4438,森作雄大,もりさくゆうた,東京
4439,近藤友宝,こんどうともたか,埼玉
4440,萩原知哉,はぎわらともや,東京
4441,末永由楽,すえながゆらく,岡山
4442,松竹大輔,まつたけだいすけ,愛知
4443,津田裕絵,つだひろえ,山口
4444,桐生順平,きりゅうじゅんぺい,埼玉
4445,宮地元輝,みやちもとき,佐賀
4446,和田兼輔,わだけんすけ,兵庫
4447,深川麻奈美,ふかがわまなみ,福岡
4448,青木玄太,あおきげんた,滋賀
4449,中嶋達也,なかじまたつや,兵庫
4450,平高奈菜,ひらたかなな,香川
4451,松崎祐太郎,まつざきゆうたろう,福岡
4452,松尾祭,まつおまつり,香川
4456,鎌倉涼,かまくらりょう,大阪
4457,神田達也,かんだたつや,愛知
4458,抹香雄三,まっこうゆうぞう,広島
4459,片岡雅裕,かたおかまさひろ,香川
4460,後藤翔之,ごとうしょうし,東京
4461,安田吉宏,やすだよしひろ,三重
4462,夏山亮平,なつやまりょうへい,大阪
4463,三苫晃幸,みとまてるゆき,福岡
4464,山下友貴,やましたゆうき,静岡
4465,大西賢,おおにしけん,東京
4466,南佑典,みなみゆうすけ,三重
4467,渡邉俊介,わたなべしゅんすけ,愛知
4468,大池佑来,おおいけゆうき,東京
4469,土山卓也,つちやまたくや,福井
4470,平田健之佑,ひらたけんのすけ,三重
4471,新田泰章,にったやすあき,広島
4472,尾嶋一広,おじまかずひろ,兵庫
4473,藤堂里香,とうどうりか,福井
4474,渡辺崇,わたなべたかし,福岡
4475,末永祐輝,すえながゆうき,山口
4477,篠崎仁志,しのざきひとし,福岡
4478,櫻本あゆみ,さくらもとあゆみ,群馬
4479,矢野真梨菜,やのまりな,山口
4482,守屋美穂,もりやみほ,岡山
4483,北野輝季,きたのてるき,愛知
4484,稲生夏季,いのうなつき,東京
4485,楠原正剛,くすはらまさたか,福岡
4486,野村誠,のむらまこと,群馬
4487,三原司,みはらつかさ,福岡
4488,小山勉,こやまつとむ,埼玉
4489,岩川仁士,いわかわひとし,大阪
4491,田中堅,たなかけん,群馬
4492,本多宏和,ほんだひろかず,愛知
4494,河合佑樹,かわいゆうき,静岡
4495,森晋太郎,もりしんたろう,福岡
4496,内堀学,うちぼりまなぶ,東京
4497,桑原悠,くわはらゆう,長崎
4498,宮本夏樹,みやもとなつき,長崎
4499,滝川真由子,たきかわまゆこ,長崎
4500,山田康二,やまだこうじ,佐賀
4501,樋口由加里,ひぐちゆかり,岡山
4502,遠藤エミ,えんどうえみ,滋賀
4503,上野真之介,うえのしんのすけ,佐賀
4504,前田将太,まえだしょうた,福岡
4505,島田賢人,しまだけんと,埼玉
4506,稗田聖也,ひえだせいや,福岡
4508,野間大樹,のまだいき,大阪
4509,平見真彦,ひらみまさひこ,愛知
4510,坂本奈央,さかもとなお,福岡
4511,中岡健人,なかおかけんと,香川
4512,高野哲史,こうのさとし,兵庫
4513,河野真也,かわのしんや,福岡
4514,上條嘉嗣,かみじょうよしつぐ,大阪
4515,藤田浩人,ふじたひろひと,佐賀
4516,野口勝弘,のぐちかつひろ,愛知
4518,大須賀友,おおすかゆう,愛知
4519,清水沙樹,しみずさき,東京
4520,高倉孝太,たかくらこうた,福井
4521,小池公生,こいけきみお,福岡
4522,古澤光紀,ふるさわみつのり,福岡
4523,中村辰也,なかむらたつや,長崎
4524,深谷知博,ふかやともひろ,静岡
4525,真子奈津実,まこなつみ,福岡
4526,池田雄祐,いけだゆうすけ,愛知
4527,高野心吾,たかのしんご,愛知
4528,黒井達矢,くろいたつや,埼玉
4529,嶋義信,しまよしのぶ,香川
4530,小野生奈,おのせいな,福岡
4531,武富智亮,たけどみともあき,佐賀
4532,秋元哲,あきもとさとる,埼玉
4533,峰重侑治,みねしげゆうじ,岡山
4534,坂咲友理,さかさゆり,大阪
4535,北山康介,きたやまこうすけ,東京
4536,喜井つかさ,きいつかさ,岡山
4537,渡邉和将,わたなべかずまさ,岡山
4538,笠置博之,かさぎひろゆき,大阪
4539,金子賢志,かねこさとし,群馬
4540,相原利章,あいはらとしあき,東京
4543,重木輝彦,しげきてるひこ,兵庫
4544,松田大志郎,まつだたいしろう,福岡
4545,岡村慶太,おかむらけいた,福岡
4546,浜田亜理沙,はまだありさ,埼玉
4547,中田竜太,なかだりゅうた,埼玉
4548,篠木亜衣花,しのぎあいか,三重
4549,小林文彦,こばやしふみひこ,福岡
4550,石岡将太,いしおかしょうた,群馬
4551,三川昂暁,みかわたかあき,福岡
4552,杉山勝匡,すぎやまかつまさ,佐賀
4553,坪口竜也,つぼぐちたつや,長崎
4555,富永大一,とみながたいち,福岡
4556,竹井奈美,たけいなみ,福岡
4557,松尾光広,まつおみつひろ,岡山
4558,宮野仁,みやのじん,岡山
4560,庄司樹良々,しょうじきらら,東京
4561,藤山翔大,ふじやましょうた,大阪
4562,阪本勇介,さかもとゆうすけ,岡山
4563,齋藤真之,さいとうまさゆき,岡山
4564,山本景士郎,やまもとけいしろう,広島
4565,西村豪洋,にしむらたけひろ,愛知
4566,塩田北斗,しおたほくと,福岡
4567,上村慎太郎,うえむらしんたろう,山口
4568,廣瀬真也,ひろせしんや,東京
4569,中澤宏奈,なかざわひろな,東京
4570,前田聖文,まえだきよふみ,愛知
4571,菅章哉,すがふみや,徳島
4572,渡部悟,わたなべさとる,大阪
4573,佐藤翼,さとうつばさ,埼玉
4574,東潤樹,あずまじゅんき,広島
4575,戸塚邦好,とつかくによし,東京
4578,藤山雅弘,ふじやままさひろ,大阪
4579,中嶋健一郎,なかじまけんいちろう,三重
4580,長谷川雅和,はせがわまさかず,岡山
4581,吉村誠,よしむらまこと,静岡
4583,古田祐貴,ふるたゆうき,香川
4584,村岡賢人,むらおかけんと,岡山
4586,磯部誠,いそべまこと,愛知
4587,木田峰由季,きだみねゆき,福井
4588,田中京介,たなかきょうすけ,福岡
4589,塩崎桐加,しおざきひさか,三重
4590,渡邉優美,わたなべゆみ,福岡
4592,小林孝弘,こばやしたかひろ,山口
4593,小坂宗司,こさかたかし,大阪
4594,谷川祐一,たにがわゆういち,滋賀
4596,葛原大陽,くずはらひろあき,徳島
4598,加藤政彦,かとうまさひこ,東京
4600,井内将太郎,いうちまさたろう,広島
4601,森野正弘,もりのまさひろ,山口
4603,谷川将太,たにがわしょうた,長崎
4604,岩瀬裕亮,いわせゆうすけ,愛知
4607,鶴田勇雄,つるたいさお,福岡
4608,荒井翔伍,あらいしょうご,東京
4610,佐藤大佑,さとうだいすけ,東京
4611,今井美亜,いまいみあ,福井
4614,石倉洋行,いしくらようこう,福岡
4615,板倉敦史,いたくらあつし,東京
4618,乃村康友,のむらやすとも,三重
4619,伏田裕隆,ふしだひろたか,東京
4623,中北将史,なかぎたまさし,三重
4624,高田明,たかだあきら,佐賀
4625,渡邊裕貴,わたなべひろき,静岡
4626,伊藤紘章,いとうひろあき,愛知
4627,藤原菜希,ふじわらなつき,東京
4630,岩永雅人,いわながまさと,愛知
4631,新井英孝,あらいひでたか,大阪
4632,長尾京志郎,ながおきょうしろう,福岡
4633,森智也,もりともや,兵庫
4635,峰重力也,みねしげりきや,岡山
4636,赤池修平,あかいけしゅうへい,徳島
4637,中田友也,なかだともや,埼玉
4638,小林遼太,こばやしりょうた,福岡
4639,雑賀勇貴,さいがゆうき,大阪
4640,山ノ内雅人,やまのうちまさと,福岡
4641,磯村匠,いそむらたくみ,東京
4642,松尾夏海,まつおかなみ,香川
4643,近江翔吾,おおみしょうご,香川
4644,山田亮太,やまだりょうた,東京
4645,上村純一,うえむらじゅんいち,群馬
4648,木村亮太,きむらりょうた,兵庫
4649,和田操拓,わだあやひろ,滋賀
4650,中山雄太,なかやまゆうた,愛知
4651,佐藤大騎,さとうたいき,大阪
4652,酒見峻介,さけみしゅんすけ,佐賀
4653,小野達哉,おのたつや,大阪
4654,篠田優也,しのだゆうや,兵庫
4656,大崎翔,おおさきしょう,兵庫
4659,木下翔太,きのしたしょうた,大阪
4660,宇田川信一,うだがわしんいち,東京
4661,中島昂章,なかしまたかあき,佐賀
4663,籾山佳岳,もみやまよしたけ,愛知
4664,東口晃,ひがしぐちあきら,福井
4665,加藤啓太,かとうけいた,愛知
4666,日笠勝弘,ひがさまさひろ,大阪
4669,井上茂,いのうえしげる,福岡
4672,守屋大地,もりやだいち,岡山
4674,池田剛規,いけだこうき,福岡
4675,井手良太,いでりょうた,大阪
4676,後藤隼之,ごとうはやと,東京
4677,片橋幸貴,かたはしゆきたか,滋賀
4678,水野望美,みずののぞみ,愛知
4679,植田太一,うえだたいち,福岡
4680,後藤美翼,ごとうみく,東京
4681,太田潮,おおたうしお,愛知
4682,大上卓人,おおうえたくと,広島
4683,向井田直弥,むかいだなおや,広島
4684,楠原翔太,くすはらしょうた,福岡
4685,島村隆幸,しまむらたかよし,徳島
4686,丸野一樹,まるのかずき,滋賀
4688,永井彪也,ながいひょうや,東京
4689,豊田結,とよだゆい,静岡
4690,高石梨菜,たかいしりな,東京
4691,水原慎,みずはらしん,徳島
4692,酒井俊弘,さかいとしひろ,福井
4693,松下誉士,まつしたたかし,福岡
4694,高田綾,たかだあや,福岡
4695,尾崎雄二,おさきゆうじ,長崎
4697,國弘翔平,くにひろしょうへい,福岡
4700,金子和之,かねこかずゆき,埼玉
4702,三浦敬太,みうらけいた,東京
4703,森永隆,もりながたかし,山口
4704,河野大,かわのだい,徳島
4705,吉川勇作,よしかわゆうさく,長崎
4706,三浦洋次朗,みうらようじろう,愛知
4708,半田尚也,はんだなおや,広島
4709,岡村将也,おかむらまさや,福岡
4710,福田宗平,ふくだしゅうへい,大阪
4711,前出達吉,まえでたつき,福井
4713,白神優,しらがゆう,岡山
4714,喜多須杏奈,きたずあんな,徳島
4715,村上遼,むらかみりょう,長崎
4718,北川太一,きたがわたいち,佐賀
4719,上條暢嵩,かみじょうのぶたか,大阪
4720,西澤日花里,にしざわひかり,長崎
4723,寺島吉彦,てらしまよしひこ,東京
4724,吉田祐貴,よしだゆうき,佐賀
4725,佐竹太一,さたけたいち,兵庫
4726,島田なぎさ,しまだなぎさ,埼玉
4727,安部慎一,あべしんいち,福岡
4728,山口亮,やまぐちりょう,東京
4729,佐藤謙史朗,さとうけんしろう,福岡
4730,土屋実沙希,つちやみさき,静岡
4731,間野兼礼,まのかずのり,愛知
4732,堀本和也,ほりもとかずや,徳島
4733,赤井睦,あかいむつみ,徳島
4734,安河内将,やすこうちしょう,佐賀
4735,角山雄哉,かくやまゆうや,兵庫
4736,高倉和士,たかくらかずと,福岡
4737,竹井貴史,たけいたかし,福岡
4738,清埜翔子,せいのしょうこ,埼玉
4739,中村晃朋,なかむらあきとも,香川
4740,齋藤達希,さいとうたつき,静岡
4743,木村仁紀,きむらまさき,滋賀
4744,伊藤玲奈,いとうれな,福岡
4746,大豆生田蒼,おおまめうだあおい,埼玉
4747,山戸信二,やまとしんじ,長崎
4748,渡邉雄朗,わたなべたけろう,東京
4750,井上尚悟,いのうえしょうご,大阪
4752,西尾亮輔,にしおりょうすけ,愛知
4753,森照夫,もりてるお,福岡
4754,松尾充,まつおみつる,三重
4756,渡邉昌成,わたなべまさなり,静岡
4757,山田祐也,やまだゆうや,徳島
4758,富樫麗加,とがしれいか,東京
4759,今泉友吾,いまいずみゆうご,東京
4760,山崎郡,やまざきぐん,大阪
4761,山田晃大,やまだあきひろ,滋賀
4762,藤原啓史朗,ふじわらけいしろう,岡山
4764,小池礼乃,こいけあやの,福岡
4765,野田部宏子,のたべひろこ,福岡
4766,石井孝之,いしいたかゆき,群馬
4769,馬場剛,ばばつよし,東京
4771,下寺秀和,しもでらひでかず,広島
4772,石丸海渡,いしまるかいと,香川
4773,中川りな,なかがわりな,福岡
4775,千葉真弥,ちばまや,静岡
4776,竹田和哉,たけだかずや,香川
4778,堤啓輔,つつみけいすけ,佐賀
4779,伊倉光,いくらひかる,東京
4781,西舘果里,にしだてみさと,東京
4782,浜崎準也,はまざきじゅんや,岡山
4784,向井田真紀,むかいだまき,広島
4785,木幡純也,きばたじゅんや,愛知
4786,佐藤博亮,さとうひろあき,愛知
4787,椎名豊,しいなゆたか,群馬
4788,小池哲也,こいけてつや,大阪
4789,古賀智之,こがともゆき,福岡
4790,柳内敬太,やないけいた,兵庫
4791,黒澤めぐみ,くろさわめぐみ,東京
4792,杉村賢也,すぎむらけんや,東京
4793,金子萌,かねこはじめ,静岡
4794,和田拓也,わだたくや,兵庫
4796,春園功太,はるぞのこうた,三重
4797,中山将,なかやましょう,三重
4798,浜先真範,はまさきまさのり,広島
4803,飯田庄吾,いいだしょうご,福岡
4804,高田ひかる,たかだひかる,三重
4808,松尾拓,まつおひろむ,三重
4809,外崎悟,とのさきさとる,埼玉
4811,向井田佑紀,むかいだゆうき,広島
4812,西野雄貴,にしのゆうき,徳島
4813,宮内直哉,みやうちなおや,東京
4815,伏島祐介,ふせじまゆうすけ,東京
4816,村松修二,むらまつしゅうじ,広島
4817,渡邉翼,わたなべつばさ,山口
4818,伏見俊介,ふしみしゅんすけ,東京
4819,蜂須瑞生,はちすみずき,群馬
4821,妻鳥晋也,めんどりしんや,香川
4822,百武翔,ひゃくたけしょう,佐賀
4823,中村桃佳,なかむらももか,香川
4824,松井洪弥,まついこうや,三重
4825,倉持莉々,くらもちりり,東京
4826,井上一輝,いのうえかずき,大阪
4828,松山将吾,まつやましょうご,滋賀
4831,羽野直也,はのなおや,福岡
4832,権藤俊光,ごんどうとしみつ,大阪
4834,浜本裕己,はまもとゆうき,大阪
4835,橋本明,はしもとあきら,広島
4836,大谷健太,おおたにけんた,埼玉
4837,酒井陽祐,さかいようすけ,愛知
4839,四宮与寛,しのみやともひろ,徳島
4840,鈴木秀茉,すずきしゅうま,静岡
4842,山下昂大,やましたこうだい,岡山
4843,深尾巴恵,ふかおともえ,静岡
4844,村上奈穂,むらかみなほ,広島
4845,前田紗希,まえださき,埼玉
4846,佐藤駿介,さとうしゅんすけ,山口
4847,佐藤隆太郎,さとうりゅうたろう,東京
4848,仲谷颯仁,なかたにはやと,福岡
4850,野中一平,のなかいっぺい,愛知
4851,関浩哉,せきひろや,群馬
4852,川原祐明,かわはらひろあき,香川
4853,前原哉,まえはらちか,岡山
4854,大橋由珠,おおはしゆず,東京
4856,豊田健士郎,とよだけんしろう,三重
4857,加藤翔馬,かとうしょうま,兵庫
4861,田中宏樹,たなかひろき,福岡
4863,三浦裕貴,みうらゆうき,東京
4864,小川日紀太,おがわにきた,福岡
4865,立具敬司,たてぐけいじ,大阪
4866,橋本英一,はしもとひでかず,福岡
4871,菊池宏志,きくちひろし,山口
4872,山下流心,やましたりゅうしん,広島
4873,蒲原健太,かもはらけんた,佐賀
4874,池田奈津美,いけだなつみ,福岡
4875,大塚康雅,おおつかやすまさ,東京
4876,梅木敬太,うめきけいた,福井
4877,鈴谷一平,すずたにいっぺい,兵庫
4878,西岡育未,にしおかいくみ,徳島
4879,山崎鉄平,やまさきてっぺい,佐賀
4880,澤崎雄哉,さわざきゆうや,東京
4882,瀧川千依,たきかわちより,広島
4883,岡部大輝,おかべだいき,東京
4884,勝浦真帆,かつうらまほ,岡山
4885,大山千広,おおやまちひろ,福岡
4886,入海馨,いるみけい,岡山
4887,富澤祐作,とみざわゆうさく,群馬
4888,金児隆太,かねこりゅうた,群馬
4889,後藤盛也,ごとうせいや,東京
4890,石川諒,いしかわりょう,山口
4891,寺島美里,てらしまみさと,東京
4892,柴田直哉,しばたなおや,福岡
4893,渡邉真奈美,わたなべまなみ,東京
4894,原村拓也,はらむらたくや,香川
4895,門間雄大,もんまゆうた,東京
4896,花本剛,はなもとごう,山口
4897,深見亜由美,ふかみあゆみ,愛知
4898,菊地敬介,きくちけいすけ,埼玉
4899,占部一真,うらべかずま,福岡
4900,中田夕貴,なかだゆき,埼玉
4901,出口舞有子,でぐちまあこ,愛知
4902,山川雄大,やまかわたかひろ,兵庫
4903,吉田凌太朗,よしだりょうたろう,愛知
4904,松本一毅,まつもとかずき,大阪
4905,土井祥伍,どいしょうご,大阪
4906,鈴木雅希,すずきまさき,東京
4907,小池修平,こいけしゅうへい,大阪
4908,上田龍星,うえだりゅうせい,大阪
4909,薮内瑞希,やぶうちみずき,岡山
4910,中村泰平,なかむらたいへい,愛知
4911,片岡大地,かたおかだいち,東京
4914,吉田裕平,よしだゆうへい,愛知
4917,岩橋裕馬,いわはしゆうま,兵庫
4918,川島拓郎,かわしまたくろう,静岡
4919,吉田翔悟,よしだしょうご,長崎
4924,中北涼,なかきたりょう,長崎
4925,森悠稀,もりゆうき,兵庫
4926,吉川貴仁,よしかわたかひと,三重
4927,関野文,せきのあや,大阪
4928,栗城匠,くりきしょう,東京
4930,佐藤悠,さとうゆう,福井
4931,木谷賢太,きだにけんた,香川
4932,新開航,しんかいわたる,福岡
4933,板橋侑我,いたばしゆうが,静岡
4934,佐々木翔斗,ささきしょうと,大阪
4936,戸敷晃美,とじきあきみ,福岡
4938,小芦るり華,おあしるりか,佐賀
4939,宮之原輝紀,みやのはらこうき,東京
4940,白石有美,しらいしあみ,東京
4941,孫崎百世,まごさきももよ,滋賀
4942,柴田朋哉,しばたともや,福岡
4943,八木治樹,やぎはるき,愛知
4944,田代達也,たしろたつや,東京
4945,上村宏太,うえむらこうた,東京
4947,間庭菜摘,まにわなつみ,福岡
4948,木場悠介,こばゆうすけ,長崎
4949,横田貴満,よこたたかみつ,佐賀
4950,高岡竜也,たかおかりゅうや,山口
4951,新田洋一,にったよういち,広島
4952,吉武真也,よしたけしんや,福岡
4953,尾上雅也,おのうえまさや,埼玉
4954,内山峻輔,うちやましゅんすけ,東京
4956,齊藤大将,さいとうひろまさ,東京
4957,竹之内極,たけのうちきわむ,福岡
4958,溝口海義也,みぞぐちみきや,福岡
4959,井上忠政,いのうえただまさ,大阪
4960,黒野元基,くろのもとき,愛知
4961,西橋奈未,にしはしなみ,福井
4962,畑竜生,はたたつき,三重
4963,實森美祐,さねもりみゆ,広島
4964,土屋南,つちやみなみ,岡山
4965,福岡泉水,ふくおかいずみ,兵庫
4966,田川大貴,たがわだいき,長崎
4967,中村魁生,なかむらかいせい,大阪
4969,町田洸希,まちだひろき,長崎
4973,栗原直也,くりはらなおや,埼玉
4974,安井瑞紀,やすいみずき,岡山
4976,金山立樹,かねやまりつき,東京
4977,馬野耀,うまのひかる,大阪
4978,山田和佐,やまだかずさ,広島
4979,中野夢斗,なかのゆめと,愛知
4980,佐々木完太,ささきかんた,山口
4981,牧山敦也,まきやまあつや,佐賀
4982,中村将隆,なかむらのぶたか,兵庫
4983,前田篤哉,まえだあつや,愛知
4984,森下愛梨,もりしたあいり,静岡
4985,井本昌也,いもとまさや,山口
4987,島倉都,しまくらみやこ,群馬
4988,牟田奨太,むたしょうた,静岡
4989,石原翼,いしはらつばさ,静岡
4990,田中博子,たなかひろこ,福岡
4991,宗行治哉,むねゆきはるや,広島
4992,廣瀬篤哉,ひろせあつや,滋賀
4994,山本梨菜,やまもとりな,佐賀
4995,田邉亮蔵,たなべりょうぞう,東京
4997,濱崎寿里矢,はまさきじゅりや,埼玉
4998,中村かなえ,なかむらかなえ,東京
5000,岡本翔太郎,おかもとしょうたろう,山口
5002,上田健太,うえだけんた,愛知
5003,来田衣織,きたいおり,兵庫
5004,河野主樹,こうのかずき,大阪
5005,石田貴洋,いしだたかひろ,埼玉
5006,久保原秀人,くぼはらひでと,群馬
5007,近藤雄一郎,こんどうゆういちろう,東京
5008,羽野諒,はのりょう,福岡
5009,大賀龍之介,おおがりゅうのすけ,福岡
5010,宇留田翔平,うるたしょうへい,三重
5011,高木圭大,たかきけいた,長崎
5012,加倉侑征,かくらゆうせい,福岡
5013,山下夏鈴,やましたかりん,三重
5014,梶山涼斗,かじやまりょうと,佐賀
5015,高橋竜矢,たかはしりゅうや,広島
5016,宮田龍馬,みやたりゅうま,兵庫
5017,澤田尚也,さわだなおや,滋賀
5018,竹下大樹,たけしただいき,福岡
5019,柴田百恵,しばたももえ,静岡
5020,宮村勇哉,みやむらゆうや,三重
5022,伊藤尚汰,いとうしょうた,福岡
5023,久永祥平,ひさながしょうへい,東京
5026,安河内健,やすこうちけん,佐賀
5027,重冨勇哉,しげとみゆうや,山口
5028,原田才一郎,はらださいいちろう,福岡
5029,中亮太,なかりょうた,福岡
5030,金子千穂,かねこちほ,群馬
5031,渡辺空依,わたなべそらい,福岡
5032,谷口知優,たにぐちともまさ,香川
5033,藤原孝斗,ふじわらたかと,愛知
5034,若林義人,わかばやしよしと,静岡
5035,櫻井優,さくらいまさる,埼玉
5036,福田翔吾,ふくだしょうご,大阪
5037,田頭虎親,たがしらとらちか,香川
5038,金田智博,かねたともひろ,福井
5039,倉田茂将,くらたしげまさ,愛知
5041,荒牧凪沙,あらまきなぎさ,福岡
5042,畑田汰一,はただたいち,埼玉
5043,中村日向,なかむらひゅうが,香川
5044,渡邉健,わたなべけん,東京
5045,平川香織,ひらかわかおり,埼玉
5046,松山裕基,まつやまゆうき,大阪
5047,國分将太郎,こくぶんしょうたろう,東京
5048,眞鳥康太,まとりこうた,長崎
5049,松井友汰,まついゆうた,大阪
5050,木下雄介,きのしたゆうすけ,滋賀
5051,松本純平,まつもとじゅんぺい,埼玉
5052,赤井星璃菜,あかいせりな,大阪
5053,山口広樹,やまぐちこうき,福岡
5054,佐々木大河,ささきたいが,大阪
5055,眞鳥章太,まとりしょうた,長崎
5056,西岡成美,にしおかなるみ,徳島
5057,上田紗奈,うえださな,大阪
5058,前原大道,まえはらひろみち,岡山
5059,冨田祥,とみだしょう,香川
5060,数原魁,かずはらかい,兵庫
5061,中村駿平,なかむらしゅんぺい,愛知
5063,大塚雅治,おおつかまさはる,東京
5064,品川二千翔,しながわにちか,山口
5065,伊久間陽優,いくまひゆう,群馬
5066,鈴木孝明,すずきたかあき,埼玉
5067,山田真聖,やまだまさきよ,山口
5068,前田滉,まえだひかる,愛知
5069,山崎小葉音,やまざきこはね,群馬
5070,中島航,なかじまわたる,東京
5071,野見山拓己,のみやまたくみ,福岡
5072,吉田杏美,よしだあみ,埼玉
5073,上原健次郎,うえはらけんじろう,福岡
5074,大澤誠也,おおさわせいや,愛知
5075,中島秀治,なかじましゅうじ,滋賀
5076,石原光,いしはらひかる,静岡
5077,滝沢崚,たきざわりょう,埼玉
5078,山川波乙,やまかわはお,三重
5079,大石真央,おおいしまお,静岡
5081,篠原飛翔,しのはらつばさ,福岡
5082,一色凌雅,いっしきりょうが,愛知
5083,柳瀬幹太,やなせかんた,山口
5084,末永和也,すえながかずや,佐賀
5085,中村栄治,なかむらえいじ,福井
5086,本村大,もとむらだい,長崎
5087,佐藤航,さとうこう,埼玉
5088,高憧四季,たかはたしき,大阪
5089,前田翔,まえだかける,愛知
5090,生方靖亜,うぶかたせいあ,群馬
5091,為本智也,ためもとともや,福井
5092,篠原晟弥,しのはらせいや,福岡
5093,浦野海,うらのかい,福岡
5095,小原聡将,おはらとしゆき,東京
5096,上原崚,うえはらりょう,東京
5098,大江純,おおえじゅん,愛知
5100,栗原一馬,くりはらかずま,群馬
5101,表健太,おもてけんた,福岡
5102,原田雄次,はらだゆうじ,福岡
5103,芝田京介,しばたきょうすけ,埼玉
5104,山田丈,やまだじょう,福岡
5105,富田恕生,とみたじょう,福岡
5106,山崎祥,やまさきしょう,山口
5107,松本真広,まつもとまさひろ,福岡
5108,柴田愛梨,しばたあいり,群馬
5109,川崎智稔,かわさきともなり,岡山
5110,杉山喜一,すぎやまきいち,静岡
5111,三村岳人,みむらがくと,岡山
5112,砂長知輝,すなながともき,埼玉
5113,黒明花夢,くろみょうはなむ,岡山
5114,小林孝彰,こばやしたかあき,福井
5115,香川颯太,かがわそうた,滋賀
5116,金子七海,かねこななみ,福井
5117,冨名腰桃奈,ふなこしももな,福岡
5118,野田なづき,のだなづき,佐賀
5120,山本稔太朗,やまもとじんたろう,愛知
5121,定松勇樹,さだまつゆうき,佐賀
5122,相馬翔,そうましょう,埼玉
5123,福山恵里奈,ふくやまえりな,山口
5124,上瀧絢也,じょうたきけんや,佐賀
5125,高井雄基,たかいゆうき,愛知
5126,山下大輝,やましただいき,兵庫
5127,沼田大都,ぬまたひろと,愛知
5128,坪井爽佑,つぼいそうすけ,三重
5129,山口真喜子,やまぐちまきこ,長崎
5130,上野拓馬,うえのたくま,三重
5131,江藤敦宏,えとうあつひろ,福岡
5132,中野希一,なかのきいち,埼玉
5133,堀越雄貴,ほりこしゆうき,東京
5134,大原祥昌,おおはらよしまさ,広島
5135,仲航太,なかこうた,東京
5136,濱野斗馬,はまのとうま,香川
5137,川原涼,かわはらりょう,愛知
5138,村本大成,むらもとたいせい,福岡
5139,大場恒季,おおばこうき,愛知
5140,吉田彩乃,よしだあやの,静岡
5141,大澤風葵,おおさわふうき,群馬
5142,常住蓮,つねずみれん,佐賀
5143,常盤海心,ときわかいしん,徳島
5144,中尾彩香,なかおさやか,福岡
5145,島川海輝,しまかわかいき,山口
5146,野田彩加,のだあやか,山口
5147,田中勇輔,たなかゆうすけ,埼玉
5148,松本怜,まつもとれい,福岡
5150,坂本雄紀,さかもとゆうき,群馬
5151,山下奈緒,やましたなお,大阪
5152,丸山祐也,まるやまゆうや,福岡
5153,佐藤ほのか,さとうほのか,東京
5154,村松栄太,むらまつえいた,広島
5155,内山七海,うちやまななみ,福岡
5156,坂野さくら,さかのさくら,福井
5157,市川健太,いちかわけんた,滋賀
5158,宮脇遼太,みやわきりょうた,福岡
5160,藤森陸斗,ふじもりりくと,福岡
5161,登玉隼百,とだまはやと,兵庫
5162,松尾怜実,まつおさとみ,福岡
5163,清水愛海,しみずあみ,山口
5164,森田梨湖,もりたりこ,福岡
5165,小林愛実,こばやしなるみ,岡山
5166,仲道大輔,なかみちだいすけ,愛知
5167,小川竜太朗,おがわりょうたろう,埼玉
5169,堀本翔太,ほりもとしょうた,愛知
5170,佐藤太亮,さとうたいすけ,岡山
5171,清水未唯,しみずみゆ,滋賀
5172,田村慶,たむらけい,徳島
5173,谷口佳蓮,たにぐちかれん,香川
5174,川井萌,かわいもえ,静岡
5175,島崎丈一朗,しまざきじょういちろう,東京
5176,石倉拓美,いしくらたくみ,山口
5177,松井貫太,まついかんた,福岡
5178,成貞琳平,なりさだりんぺい,愛知
5179,藤本元輝,ふじもとげんき,兵庫
5180,藤本紗弥香,ふじもとさやか,山口
5181,森智哉,もりともや,岡山
5182,宮崎安奈,みやざきあんな,埼玉
5183,中野孝二,なかのこうじ,三重
5184,飯塚響,いいづかひびき,群馬
5185,加藤優弥,かとうまさや,福井
5186,遠藤圭吾,えんどうけいご,東京
5187,小坂風太,こざかふうた,福井
5188,武井莉里佳,たけいりりか,兵庫
5189,藤原早菜,ふじわらさな,岡山
5190,大月遊雅,おおつきゆうが,東京
5191,飛田江己,とびたこうき,埼玉
5192,中尾優香,なかおゆうか,福岡
5193,米丸乃絵,よねまるのえ,福岡
5194,大久保佑香,おおくぼゆうか,埼玉
5195,北村寧々,きたむらねね,長崎
5196,鰐部太空海,わにべたくみ,愛知
5197,中野仁照,なかのよしてる,愛知
5198,奥村明日香,おくむらあすか,福岡
5199,垂水悠,たるみゆう,徳島
5200,筒井美琴,つついみこと,福岡
5201,村上宗太郎,むらかみそうたろう,東京
5202,宮崎つぐみ,みやざきつぐみ,大阪
5203,神里琴音,かみざとことね,福岡
5204,宇恵有香,うえゆうか,三重
5205,刑部亜里紗,おさかべありさ,静岡
5206,梅原祥平,うめはらしょうへい,岡山
5207,高山敬悟,たかやまけいご,福岡
5208,屋良龍紀,やらりゅうき,長崎
5209,小野京平,おのきょうへい,福岡
5210,藤井公人,ふじいなおと,福岡
5211,高井駿弥,たかいしゅんや,愛知
5212,西川拓利,にしかわたくと,福岡
5213,湯淺紀香,ゆあさのりか,群馬
5214,田中宏典,たなかこうすけ,佐賀
5215,石丸小槙,いしまるこまき,香川
5216,長谷川晴哉,はせがわせいや,群馬
5217,藤原碧生,ふじわらあおい,岡山
5218,山田理央,やまだりお,香川
5219,森口和紀,もりぐちかずき,福岡
5220,青木蓮,あおきれん,埼玉
5221,竹間隆晟,たけまりゅうせい,大阪
5222,津田陸翔,つだりくと,広島
5223,森清友翔,もりきよゆうと,福岡
5224,西岡顕心,にしおかけんしん,香川
5226,藤田俊祐,ふじたしゅんすけ,東京
5227,川原愛未,かわはらあいみ,福岡
5228,若林樹蘭,わかばやしじゅらん,東京
5229,吉川晴人,よしかわはると,滋賀
5230,石原凪紗,いしはらなぎさ,愛知
5231,寺田空詩,てらだくう,山口
5232,樅山拓馬,もみやまたくま,愛知
5234,塚越海斗,つかごしかいと,群馬
5235,岩田凌,いわたりょう,大阪
5236,小宮涼雅,こみやりょうが,岡山
5237,永松良教,ながまつりょうた,福岡
5238,笹木香吾,ささききょうご,山口
5239,上野俊樹,うえのとしき,福岡
5240,高橋龍治,たかはしりゅうじ,福岡
5241,門田栞,かどたしおり,香川
5242,高山弘斗,たかやまひろと,埼玉
5243,三馬崇史,さんばたかふみ,広島
5244,黒田剛,くろだたけし,福岡
5245,倉富大誠,くらとみたいせい,愛知
5246,楠将太郎,くすのきしょうたろう,埼玉
5247,大森翼,おおもりつばさ,兵庫
5248,本田愛,ほんだあい,静岡
5249,三木晴斗,みきはると,徳島
5250,嶋田有里,しまだゆうり,長崎
5251,沼田七華,ぬまたななか,福井
5252,荒木颯斗,あらきはやと,愛知
5253,藤井太雅,ふじいたいが,東京
5254,羽田妃希,はだきさき,愛知
5255,藤原仙二,ふじわらせんじ,滋賀
5256,中山翔太,なかやましょうた,三重
5257,西丸侑太朗,にしまるゆうたろう,香川
5258,仲本舜,なかもとしゅん,福岡
5259,野田昇吾,のだしょうご,埼玉
5261,岡暢祐,おかようすけ,長崎
5262,鈴木章司,すずきしょうじ,愛知
5263,花田凱成,はなだかいせい,福岡
5264,登みひ果,のぼりみひか,兵庫
5265,大廣咲季,おおひろさき,香川
5266,石田勇斗,いしだはやと,愛知
5267,石本裕武,いしもとひろむ,大阪
5268,山本幸也,やまもとゆきや,福岡
5269,山口晃朋,やまぐちあきとも,静岡
5270,小玉啓太,こだまけいた,佐賀
5271,杉山太陽,すぎやまたいよう,福岡
5272,松田真実,まつだまみ,愛知
5273,山下拓巳,やましたたくみ,兵庫
5274,城間盛渚,しろませいな,福岡
5275,松田淳平,まつだじゅんぺい,三重
5276,大島隆乃介,おおしまりゅうのすけ,福岡
5277,井上未都,いのうえみと,福岡
5278,田中駿兵,たなかしゅんぺい,徳島
5279,石渡翔一郎,いしわたしょういちろう,東京
5280,廣瀬凜,ひろせりん,滋賀
5281,井上遥妃,いのうえはるひ,徳島
5282,中本大樹,なかもとだいき,福井
5283,植木美帆,うえきみほ,東京
5284,嘉手苅徹哉,かでかるてつや,福岡
5285,若林麗,わかばやしれい,東京
5286,坂井滉哉,さかいこうや,福岡
5287,滝沢織寧,たきざわおりね,埼玉
5288,尾道佳諭,おのみちけいと,埼玉
5289,佃來紀,つくだらいき,大阪
5290,坂本一真,さかもとかずま,東京
5291,三嶌こころ,みしまこころ,香川
5292,佐藤右京,さとううきょう,東京
5293,眞崎武蔵,まさきむさし,静岡
5294,豊田祥生,とよだしょうき,静岡
5295,田上凜,たのうえりん,大阪
5296,永田楽,ながたらく,愛知
5297,南彩寧,みなみあやね,兵庫
5298,水谷理人,みずたにまさと,香川
5299,西丸敦基,にしまるあつき,香川
5300,横田海人,よこたかいと,愛知
5301,岩下巧斗,いわしたたくと,群馬
5302,秋末秦悟,あきすえしんご,大阪
5303,土井歩夢,どいあゆむ,福岡
5304,井田涼介,いだりょうすけ,群馬
5305,伊藤栞,いとうしおり,愛知
5306,河内悠利杏,かわちゆりあん,群馬
5307,富永夏哉人,とみながかやと,佐賀
5308,藤森拓海,ふじもりたくみ,福岡
5309,森雄利,もりゆうり,長崎
5310,土屋蘭,つちやらん,岡山
5311,小林京平,こばやしきょうへい,山口
5312,川辺郭人,かわべがくと,佐賀
5313,鈴木唯央,すずきいお,群馬
5314,中曽瑠華,なかそるか,東京
5315,浅井翼,あさいつばさ,埼玉
5316,村松将平,むらまつしょうへい,静岡
5317,長尾萌加,ながおもか,岡山
5318,河内一馬,かわうちかずま,愛知
5319,近藤颯斗,こんどうはやと,愛知
5320,岩崎麗子,いわざきれいこ,群馬
5321,一色颯輝,いっしきさつき,愛知
5322,根岸真優,ねぎしまゆ,埼玉
5323,香川陽太,かがわひなた,滋賀
5324,畑田希咲,はただきさき,兵庫
5325,澁川夏,しぶかわなつ,大阪
5326,三嶌さらら,みしまさらら,香川
5327,西田和加,にしだわか,埼玉
5328,井上慧人,いのうえけいと,福岡
5329,金子龍斗,かねこりゅうと,兵庫
5330,安河内鈴之介,やすこうちすずのすけ,福岡
5331,佐藤永梧,さとうえいご,東京
5332,村松遥輝,むらまつはるき,静岡
5333,山下智己,やましたともき,兵庫
5334,樫葉新心,かしばにこ,徳島
5335,森陽多,もりひなた,長崎
5336,瀬川大地,せがわだいち,山口
5337,出畑孝成,でばたこうせい,福岡
5338,香月大輝,かつきひろき,福岡
5339,石井伸長,いしいのぶなが,香川
5340,樋江井舞,ひえいまい,愛知
5341,山道諄也,さんどうじゅんや,群馬
5342,原村百那,はらむらももな,山口
5343,小林礼央,こばやしれお,広島
5344,谷口丞,たにぐちじょう,滋賀
5345,牧村俊輝,まきむらとしき,愛知
5346,中村紋夕梨,なかむらあゆり,愛知
5347,井澤聖奈,いさわせな,愛知
5348,小林甘寧,こばやしかんねい,広島
5349,宮崎奏磨,みやざきそうま,静岡
5350,網代良芽,あじろりょうが,兵庫
5351,齊藤廉,さいとうれん,福岡
5352,西岡蒼志,にしおかそうし,香川
5353,草川壮良,くさかわそら,滋賀
5354,渡邊雄斗,わたなべゆうと,三重
5355,萩原丈太朗,はぎはらじょうたろう,福井
5356,長谷川暖,はせがわひなた,岡山
5357,田中瀬里奈,たなかせりな,埼玉
5358,増本杏珠,ますもとあんじゅ,福岡
5359,佐藤世那,さとうせな,東京
5360,高木茉白,たかぎましろ,埼玉
5361,植竹玲奈,うえたけれな,東京
5362,中嶋世奈,なかじませな,静岡
5363,山本凱立,やまもとかいり,広島
5364,金子怜央,かねこれお,群馬
5365,石村日奈那,いしむらひなな,東京
5366,塩嶋泰空,しおじまやすひろ,福井
5367,赤松咲香,あかまつさやか,徳島
5368,宮崎心之介,みやざきしんのすけ,埼玉
5369,岡崎凪汰,おかざきなぎた,長崎
5370,日隈茜,ひぐまあかね,福岡
5371,早川颯太,はやかわそうた,東京
5372,上岡巧汰,うえおかこうた,広島
5373,諏訪玲奈,すわれいな,岡山
5374,木山大聖,きやまたいせい,岡山
5375,庄島潤成,しょうじまじゅんせい,山口
5376,吉田一心,よしだいっしん,大阪
5377,鳥居塚嶺王,とりいづかねお,群馬
5378,鈴木結平太,すずききっぺいた,静岡
5379,廣部大明,ひろべたいめい,滋賀
5380,野田亜湖,のだあこ,徳島
5381,有山望,ありやまのぞむ,大阪
5382,山下心一,やましたしんいち,福岡
5383,中村楓,なかむらかえで,三重
5384,八戸琉楓,やえりふう,長崎
5385,鈴木柊介,すずきしゅうすけ,静岡
5386,米玉利大悟,よねたまりだいご,兵庫
5387,戸田海咲音,とだみさと,山口
5388,佐野優都,さのゆうと,徳島
5389,恵良琴美,えらことみ,福岡
5390,高橋涼夏,たかはしすずか,群馬
5391,出穂和鼓,いずほわこ,山口
5392,安武一也,やすたけかずや,福岡
5393,藤原駿,ふじはらしゅん,大阪
5394,福西広太郎,ふくにしこうたろう,埼玉
5395,日高龍之介,ひだかりゅうのすけ,佐賀
5396,近藤来希,こんどうらいき,兵庫
5397,寺田夢生,てらだむう,山口
5398,鐘ヶ江真司,かねがえしんじ,福岡
5399,長野未来,ながのみらい,三重
5400,高村諒,たかむらりょう,滋賀
5401,谷海夏人,たにみなと,広島
5402,塚越陸斗,つかごしりくと,群馬
5403,藤山湧太,ふじやまゆうた,徳島
5404,内田壮,うちだそう,山口
5405,竹内来,たけうちらい,愛知
5406,小畑楓夏,おばたふうか,山口
5407,中岡駿,なかおかしゅん,香川
5408,中山鷹輔,なかやまおうすけ,福岡
5409,宮本琉正,みやもとりゅうせい,福岡
5410,今泉澪,いまいずみみお,愛知
5411,木下虎之輔,きのしたとらのすけ,東京
5412,久保田凪紗,くぼたなぎさ,佐賀
5413,宮城那菜,みやぎなな,福岡
5414,中澤英里,なかざわえり,埼玉
5415,阿部未侑,あべみひろ,東京
5416,龍田真白,たつだましろ,三重
5417,小柳勝希,こやなぎかつき,佐賀
5418,堀内亜海,ほりうちあみ,大阪
5419,櫻井隼,さくらいはやと,埼玉
5420,吉原快誓,よしはらかいせい,長崎
