,toban,name,kana,branch
0,2538,������N,�����͂����낤,����
1,2878,�x�R�O�K,�Ƃ݂�܂Ђ�䂫,���
2,3024,�����`��,�ɂ����܂悵�̂�,�L��
3,3054,�k��K�T,��������䂫�̂�,�L��
4,3070,�R���W�O,��܂ނ�̂ԂЂ�,���R
5,3072,���c��,�ɂ����₷��,����
6,3075,�����T��,�Ȃ��ނ�Ђ�̂�,���
7,3081,���{�T��,�������Ƃ���,�R��
8,3105,���R���T,������܂ӂ݂̂�,����
9,3107,�����d�T,�Ђ炨�������̂�,���
10,3156,���q�Ǐ�,���˂��悵����,�É�
11,3158,������j,���܂���݂�,�L��
12,3159,�]���W��,������������,�Q�n
13,3161,�Ï�P�`,���΂Ă�悵,���
14,3175,�n�Ӑ瑐,�킽�Ȃׂ�����,����
15,3176,���J���,�͂����킢�킨,�R��
16,3188,������q,�Ђ�������,����
17,3202,�O�i���_,�݂��Ȃ����Ђ�,����
18,3207,�c�����a,���ނ�݂�,����
19,3211,�k��q�O,��������Ƃ��Ђ�,����
20,3212,�T�{�E��,���߂��Ƃ䂤��,�L��
21,3224,�I�R�ɗm,�����܂����Ђ�,����
22,3226,�Y�c�M�`,���炽�̂Ԃ悵,����
23,3232,�R����R�I,��܂���݂䂫,����
24,3233,��������,���΂��݂Ȃ�,���R
25,3246,���쐭�F,�ق��̂܂��Ђ�,����
26,3251,���Θa�j,�Ђ炢��������,���
27,3256,�O�p�N�j,�݂��݂Ă�,����
28,3257,�c����,���ǂ��݂̂�,����
29,3265,�������F,���܂ނ�̂Ԃ���,����
30,3268,�X����,���肽��,�O�d
31,3273,�Γc��,�������悵,�L��
32,3277,�V���E,�����Ƃ�������,����
33,3282,�r�{�P��,�������ƂĂ邠��,�L��
34,3284,�n粐L���Y,�킽�Ȃׂ��񂽂낤,����
35,3286,�Ⓦ��,�΂�ǂ��݂�,�É�
36,3289,�����~��,�����͂�����,���
37,3293,�{���R�I�p,�݂₤���䂫�Ђ�,����
38,3294,�쒆�`��,�̂Ȃ��悵��,�É�
39,3297,���ی���,�ӂ��܂邱������,����
40,3300,���q�K,���킳���Ƃ��䂫,���R
41,3302,�J�엢�],���ɂ���肦,���m
42,3303,�n�ӖL,�킽�Ȃׂ䂽��,����
43,3304,�G�쌫��,���̂���,����
44,3305,����M��,���̂̂Ԃ�,���R
45,3306,���c���I,�������܂��̂�,���
46,3313,�{�g����,���Ƃ悵�܂���,����
47,3315,�L�����m,�Ђ낹�܂��Ђ�,���m
48,3319,�R��`��,��܂����悵����,���
49,3327,�쒷�����F,�̂Ȃ����܂�����,�É�
50,3333,�۔��`�F,�܂邨�悵����,����
51,3334,�p�ЂƂ�,���݂ЂƂ�,�L��
52,3339,��,�����݂Ƃ���,����
53,3340,�r�c����,�������炢��,����
54,3346,�{�{�T�V,�݂���ƂЂ�䂫,����
55,3349,�g�c��Y,�悵�������낤,����
56,3350,���{���j,�ӂ����Ƃ悵�ӂ�,�R��
57,3352,����W�i,�����킱����,����
58,3353,�O�c����,�܂����݂���,���
59,3355,���J�c���D,�͂��₾������,����
60,3357,�����z�q,�ӂ����܂您��,���R
61,3361,�����_,�����ׂЂ낵,����
62,3362,�ԓ��m�u,�܂��܂ЂƂ�,�O�d
63,3370,�ؓ���,�ڂ����݂̂�,���
64,3372,������V,���Ƃ��܂��䂫,�L��
65,3377,�˓c�C��,�������イ��,����
66,3381,���F�s,��������悵�䂫,���
67,3385,�n糖r�L,�킽�Ȃׂ̂ԂЂ�,����
68,3388,���_�����Y,���܂����������낤,����
69,3391,��ؖΐ�,�����������܂�,����
70,3392,���X�M�Y,������̂Ԃ�,�O�d
71,3401,��c����,��������������,����
72,3406,�����p�v,�Ȃ����ƂЂł�,�Q�n
73,3411,�r�㗲�s,�������݂����䂫,�L��
74,3412,��ؔ�,�������Ђ낵,���
75,3414,�����q�G,�����Ƃ��Ђ�,�Q�n
76,3415,�����,�܂�������,���
77,3419,�I������,����͂炯��,�Q�n
78,3422,�����K�j,�͂��Ƃ�䂫��,�É�
79,3430,�p�l�C,�����͂܂�����,�L��
80,3432,�{�����F,�݂₳���̂ԂЂ�,���
81,3434,������M,�܂��̂Ԃ���,����
82,3435,���c��b,�Ă炾����,���R
83,3436,����K��,�����̂�����,���R
84,3439,�啽�_�j��,�����Ђ�悵����,���
85,3441,�y�����N,���₽�낤,�Q�n
86,3442,�{���p�i,�݂₽��������,����
87,3444,�������,������������,����
88,3445,�������j,���Ƃ�������,���
89,3448,���R�G�Y,������܂Ђł�,�Q�n
90,3454,�����,�����킾������,���R
91,3455,�J�{�K�i,���ɂ��Ƃ�����,���m
92,3458,������,�Ђ������񂷂�,���R
93,3459,����a�T,�Ȃ��̂����Ђ�,����
94,3461,�n粓N��,�킽�ȂׂĂ�,�É�
95,3462,�|��^�i,������������,���R
96,3463,���ÍN�u,���₷��,����
97,3467,�X�O�s,����Ђ�䂫,����
98,3470,�V�c�F��,�ɂ����悵��,����
99,3471,�ԕ��a��,�����݂˂�����,����
100,3473,�ΐ�^��,�������킵��,����
101,3474,�����O��,�܂��Ђ��,�É�
102,3475,���{�v�a,�͂����ƂЂ�����,�Q�n
103,3477,�ߓ�����,����ǂ��Ƃ���,����
104,3478,���c�M�x,���܂�������,����
105,3482,���q�Ҏu,���˂�������,�Q�n
106,3484,�œc�_��,���΂�������,����
107,3489,���q,�����΂��Ƃ�,�É�
108,3497,�㓡�_,���Ƃ��Ђ낵,���
109,3499,�s��N��,��������Ă�,�L��
110,3502,�n糉p��,�킽�Ȃׂ�����,�É�
111,3503,�����m�j,�ǂ��͂�Ђ�ӂ�,���
112,3505,�R�c����,��܂���イ����,����
113,3507,����O,�ӂ����Ƃ���,���
114,3508,�v�x���O,�Ђ��Ƃ݂܂��Ђ�,����
115,3509,�r���,�������Ȃ�,����
116,3514,�R��S��,��܂����Ă�,����
117,3516,�g�����l,�悵�͂炫���,�L��
118,3517,�����M,�����͂�������,����
119,3518,�q�c���,���炽������,�É�
120,3519,�y�c�G�K,�Ƃ݂��Ђł䂫,���m
121,3523,���c����,�����炾��傤��,����
122,3527,��������Y,�Ȃ����܂��������낤,����
123,3528,�}��F�I�b,�����̂䂫��,���m
124,3532,�ēc��,���΂��Ђ���,�Q�n
125,3535,�n�C��,�킽�肵�イ�ւ�,����
126,3538,�e�r����,�������݂˂͂�,�Q�n
127,3539,���q����,���˂�����񂢂�,�R��
128,3541,�O�����i,�݂��܂�����,����
129,3542,�����I��,���݂��̂肩��,���m
130,3543,���c���,�ӂ����܂�����,����
131,3544,�L�c�P��,�Ƃ悾���ɂ₷,�É�
132,3546,�������u,�Ȃ����Ƃ܂���,���
133,3548,���c�׎j,�ނ낽�₷�ӂ�,����
134,3550,�s�z����,�Â��܂��͂�,���m
135,3551,���c����,�ӂ����݂�,����
136,3553,���r�m�u,�Ђ炢���ЂƂ�,����
137,3554,��������,�Ȃ������Ђ낽��,���m
138,3556,�c���M��Y,���Ȃ����񂢂��낤,���
139,3557,���c�a��,������������,���
140,3558,�R�{�_��,��܂��Ƃ�����,���R
141,3562,�R���a�F,��܂��������Ђ�,�L��
142,3563,�珸,�݂̂ڂ�,�É�
143,3564,�K���[,����͂炠����,����
144,3566,��Y�p��,���킼���Ђł܂�,����
145,3567,�g����,�悵�����܂���,�R��
146,3568,�ؑ����G,���ނ�݂Ђ�,����
147,3569,���c�i,�܂���������,����
148,3572,���c���F,�₷���܂��Ђ�,����
149,3574,��_�N�i,�������݂�����,����
150,3576,��������,���낤������,����
151,3577,�����_��,�ނ������傱����,����
152,3578,���c�Y��,�������䂤����,����
153,3579,�����D�q,�Ȃ����Ƃ䂤��,���
154,3580,�����R�I,�݂Ȃ����䂫,����
155,3581,���؈�,����������,�R��
156,3582,�g�쏺�j,�悵���킠����,����
157,3583,�V���q�T,�����Ƃ��Ƃ��Ђ�,���
158,3584,���X�؉p��,�������Ђł�,�L��
159,3587,���c�M��,���������񂢂�,����
160,3589,������,�ɂ��ނ�܂���,���
161,3590,�_��J����,�͂܂̂₯��,����
162,3591,�㓡�F�`,���Ƃ������悵,�É�
163,3593,������O,�悱���݂Ђ�,����
164,3596,�͏�N��,���킩�݂Ƃ�����,���
165,3600,���n�O,����΂Ƃ���,���R
166,3602,�������,���������炽����,����
167,3604,�������q,�ނƂ����₱,����
168,3605,�����琬,�Ȃ��ނ���肵��,�O�d
169,3606,��k�_�M,���킫���Ђ낽��,����
170,3607,���c�q�a,�͂炾�Ƃ�����,���
171,3611,���F��,���킳���悵��,����
172,3612,�n�܋`��,�΂����悵�̂�,����
173,3613,�p�J����,���݂₯��,����
174,3614,�J���K,���ɂ��䂫,�L��
175,3615,���c��,�悱��������,�L��
176,3616,�����^,�Ȃ��ނ�܂���,����
177,3617,�|�c�L��,�������Ђ낫,����
178,3618,�C��䂩��,����̂䂩��,�L��
179,3619,���J��[,�͂�����݂�,�Q�n
180,3620,�M�Z�R�s,���Ȃ̂悵�䂫,����
181,3621,�V�쏻�v,���܂̂�����,���m
182,3623,�[��^��,�ӂ����킵��,����
183,3627,���b��,���̂�����������,����
184,3629,�󌩏���,�����݂܂�����,���
185,3630,���c���i,���낾������,�É�
186,3631,�c�Y�N��,��������������,����
187,3635,�Γc����,������������,����
188,3637,�V���a��,�����Ƃ������܂�,���m
189,3641,�ꐣ��,�����̂�������,����
190,3642,��ˍ_��,������������,�É�
191,3643,�ēc���O,��˂������Ђ�,���R
192,3644,�����,��͂���������,�O�d
193,3645,�Ǔc�爟��,������������,����
194,3647,�ɓ��Y��,���Ƃ��䂤��,���
195,3652,�X���E,���肵��������,�Q�n
196,3653,�i�쌫��,���Ȃ��킯��,�Q�n
197,3654,���c���j,�������݂ӂ�,����
198,3655,�{�����m,���Ƃ͂����Ђ�,�Q�n
199,3656,����F�P,���΂悵��,����
200,3659,�����Y�l,�ӂ��イ�����Ђ�,�Q�n
201,3660,���J��e��,�͂����킿����,����
202,3661,�������u,��Ȃ�������,�R��
203,3662,��댳��,�����΂��Ƃ���,����
204,3663,�؎R�a�K,����܂����䂫,�L��
205,3664,��،���,���������񂢂�,���
206,3679,�ѓ����O,�������܂����Ђ�,���
207,3680,�X�ё�,����΂₵�ӂƂ�,����
208,3681,�R�J��,��܂₵��,����
209,3684,�����U��,���݂�������,�R��
210,3685,�r��P�N,���炢�Ă�Ƃ�,���R
211,3686,�����ˍF��,�Ƃ肢�Â������Ђ�,�Q�n
212,3687,�ԓc�a��,�͂Ȃ���������,���m
213,3690,�͍��O�O,���킢�݂Ђ�,���m
214,3692,�|������,���������܂���,����
215,3696,����F��,���炢�Ƃ��͂�,���
216,3697,���엳�i,���̂���,����
217,3699,�x�i���l,�Ƃ݂Ȃ��܂���,���
218,3701,�吼���m,�����ɂ������Ђ�,����
219,3702,�匓�~��,�������˂����,����
220,3703,������,�Ƃ肩���܂���,����
221,3704,�{���߂���,�ق�Ԃ߂���,�O�d
222,3708,�����M�i,�����ׂ�����,���R
223,3710,�g�i�׍O,�悵�Ȃ��₷�Ђ�,����
224,3711,�]�{�^��,�����Ƃ���,�R��
225,3712,�Ǎ�����,�������ӂ݂���,�O�d
226,3713,�ɓ�����,���Ƃ�������,���m
227,3714,������,������炽����,����
228,3715,�q�����,���炨��������,����
229,3716,�Γn�S��,�����킽�Ă��؂�,����
230,3717,���ԏ[�G,���܂݂Ђ�,���R
231,3718,�ɒB����,���Ă܂��Ƃ�,�É�
232,3719,�҉h��,����������,�L��
233,3721,��c�r��,���肽����񂷂�,����
234,3722,�����G��,�ɂ��ނ�Ђł�,����
235,3726,�j�ъ�,����΂₵�Ђ낵,����
236,3730,����D�i,���������䂤��,���m
237,3731,���_�F�v,�����͂܂悵�Ђ�,�L��
238,3736,���{��,�������Ƃ�����,���
239,3737,�㕽�^��,�����Ђ炵��,�L��
240,3740,���V���i,�������킵��,�Q�n
241,3741,�����,�܂����ƂȂ�,����
242,3742,�{�n�G�F,�݂₿�Ђł�,����
243,3743,�є���,�͂₵�悵�̂�,����
244,3744,�����G��,�Ƃ��܂��Ђł�,�É�
245,3745,���{�N��,�͂����ƂƂ��݂�,����
246,3746,�������l,�������܂���,���R
247,3747,����Ǐt,���ɂ����悵�͂�,����
248,3748,��������,�������イ��,���
249,3752,�F�y�׏A,���Ƃ₷�Ȃ�,����
250,3757,���a�G,�͂������Ђ�,�L��
251,3761,�R�{���Y,��܂��Ƃ݂�,����
252,3769,���|�P�F,�������˂Ђ�,����
253,3771,�܉����@,���肵���Ђ�̂�,����
254,3772,����a�F,������Ȃ���������,���
255,3773,�×��_��Y,�邱�������낤,����
256,3775,��[��,�����݂Ђ�ӂ�,���R
257,3776,���䌒��,�悱������,���m
258,3777,�����,�Ђ�����傤,����
259,3778,���B����,�������݂�,���
260,3779,���c�K��,�͂炾�䂫��,����
261,3783,�Z�����`,����イ�܂��悵,����
262,3784,�����F�a,�Ȃ����܂Ƃ�����,����
263,3787,�V�쐽,���܂̂܂���,���R
264,3788,��{���O,�����݂�Ƃ��Ђ�,����
265,3790,�����B��,����������,�Q�n
266,3792,�c����,���Ȃ��悵,����
267,3793,�����^��,�����͂�����,���
268,3796,���쓹�b,�Ȃ��݂̂���,�É�
269,3797,����,���킢������,�L��
270,3800,�q�G��,�܂�������,����
271,3801,�ܔ��c�E,�����񂾂��̂�,���
272,3802,�X���܂�,���肨���܂�,���R
273,3804,���n�C��,�Ȃ��킽�肵�イ����,����
274,3805,�����p�V,�����͂��Ђł䂫,����
275,3807,�����N,�����ׂ��Ƃ�,���
276,3808,�H�c�����Y,���������񂽂낤,���
277,3809,�g�c��,�悵���݂�,����
278,3811,�Γc�͉�,�����������Ђ�,�É�
279,3812,�R�萹�i,��܂���������,����
280,3813,�������,���Ƃ���������,���m
281,3814,���q�M�u,���˂�������,����
282,3820,�~�t���Y,�����΂��낤,����
283,3822,�������T,�Ђ炨�����̂�,���R
284,3825,�{�������Y,�݂₴����イ���낤,����
285,3826,���c�C��,�ނ炽���イ��,����
286,3827,����O,���܂����݂Ƃ���,�Q�n
287,3828,���ΐ��V,�������܂��䂫,����
288,3831,�����T�M,����ǂ��Ђ낽��,���m
289,3832,���c�N��,�������Ă�,����
290,3833,���Ҕ��P,�Ȃ����Ђ�̂�,����
291,3834,�א얾�l,�ق����킠����,���R
292,3837,�H�R�L��,������܂Ђ납��,����
293,3838,�ɓ��[�O,���Ƃ���������,���
294,3839,�썇���i,���킢�܂���,�É�
295,3841,���X�ؘa�L,�����������̂�,����
296,3842,���쑾�Y,�ق��̂��낤,�O�d
297,3843,��V�W�O,�����̂����Ђ�,����
298,3845,���J���q,�Ȃ����ɂƂ���,����
299,3848,��㑏��,���킩�݂�������,���m
300,3849,�������F,�Ȃ������܂��Ђ�,����
301,3850,����m�s,������Ƃ��䂫,�Q�n
302,3851,�X�c���F,���肽�����Ђ�,����
303,3852,�V���,���킾������,�O�d
304,3853,��萳��,���킳���܂���,����
305,3854,�g�쌳�_,�悵������ƂЂ�,����
306,3855,��F�C��,�������܂���,����
307,3857,���g����,���킩��,����
308,3859,�������B�V,���炨���䂫,����
309,3860,���{�_�M,�܂��ƂЂ낫,���
310,3863,�C�V�V�׍s,���т���₷�䂫,����
311,3866,�؎R����,����܂�������,���R
312,3867,���Y��,�܂���܂���,���m
313,3868,���`�h��,������������,����
314,3869,��ڑ�u,�����肾����,����
315,3870,�����Y,�Ă炵�܂䂤,����
316,3871,�r�c���T,����������,����
317,3872,���c���s,�������̂�䂫,���
318,3873,�ʕ{����,�ׂ��Ղ܂���,�L��
319,3874,�R�{���v,��܂��ƂЂ�Ђ�,���R
320,3875,�A���ǈ�,�Ђ�Ȃ���傤����,�R��
321,3876,���Ґ��l,�Ȃ��������Ђ�,����
322,3878,�Ӗ{��u,���т����Ƃ��Ƃ�,�R��
323,3880,�󌩏@�F,�����݂ނ˂̂�,���
324,3882,�V�c�q��,�ɂ����Ƃ�����,���
325,3885,�v�c��,�Ђ���������,���m
326,3888,�R�{�p�u,��܂��Ƃ�����,����
327,3889,�{�����Y,���Ƃ�������,�Q�n
328,3891,�J������,���ɂ������񂢂�,����
329,3892,����N�K,�����΂₷�䂫,����
330,3893,���萳��,���������܂��̂�,���m
331,3895,�x�{�T��,�ق���Ƃ䂤��,���m
332,3896,��c�m��,�������悤�ւ�,����
333,3897,����p��,���炢������,�R��
334,3898,���c����,�Ђ炽�����̂�,����
335,3900,����f�q,��������Ƃ�,����
336,3901,���c���K,�܂��̂�䂫,�R��
337,3902,吐�N��,�ɂȂ���Ă��؂�,����
338,3904,�X�M�m,���肽���Ђ�,���
339,3905,�V��F�a,���܂̂Ƃ�����,���m
340,3906,�юR�W�O,������܂�������,����
341,3907,���z��,�ނ炱������,����
342,3908,�d����l,�����Ȃ肩���Ђ�,����
343,3909,���X�؍N�K,�������₷�䂫,�É�
344,3910,�����m�K,�܂����Ƃ��䂫,����
345,3911,��ؖ�,������������,����
346,3912,�쌴����,�����܂�����,����
347,3915,�ɖ�J�\��,�����̂₯������,���
348,3918,�[�䗘��,�ӂ����Ƃ��Ђ�,����
349,3920,���ؐ���,�܂�����������,�L��
350,3921,�쑺���P,����ނ�܂���,����
351,3922,��������,�����ʂ܂悵����,���m
352,3928,�ьb�S,�͂₵��������,����
353,3929,�ۖ쐾��,�����̂����悵,���m
354,3930,�ݖ{��,�������Ƃ�����,���R
355,3931,���藳��,���낳������,�O�d
356,3932,�r�c�_��,�������Ђ��,�É�
357,3933,�R�n����,��܂��܂���,���R
358,3934,�����M�r,�������炽���Ƃ�,���m
359,3935,��ÓO�Y,����Ă낤,���R
360,3939,�n�Ӑ^��,�킽�Ȃׂ܂���,���m
361,3940,�юR��,������܂₷��,����
362,3941,�r�c�_��,������������,���m
363,3942,���c��,�Ă炾���傤,�R��
364,3943,�O������,�݂܂Ȃ���,���R
365,3944,�R���T��,��܂����䂤��,����
366,3945,�����^��,�͂������܂�,���m
367,3946,�Ԋ�P��,��������悵��,���m
368,3947,���{����,�Ă���Ƃ��傤�ւ�,�Q�n
369,3948,�咬����,�����܂��Ƃ�����,���
370,3949,���o�W��,���܂ł���,���R
371,3950,�ΐ�N�G,��������Ă����イ,���
372,3951,�ΐ�g�M,��������悵����,���
373,3952,���V�a�u,�Ȃ����킩����,���
374,3953,�u���g�a,���ǂ��悵����,����
375,3955,���c�p��,���Ȃ�������,����
376,3956,���V����,�悱���킱����,�É�
377,3957,��J���O,�������ɂȂ��Ђ�,���m
378,3959,�؈�N��,�ڂ��₷�͂�,�É�
379,3960,�e�n�F��,�����������ւ�,�É�
380,3961,�J�����,���ɂނ炩����,�R��
381,3963,���c�G��,�͂炾�Ђł�,���
382,3964,�{�n���m,�݂₿�Ђ낵,����
383,3965,�k������,�����Ȃ�����,����
384,3966,��ԏ�,�����܂�����,����
385,3967,��ؖ΍�,��������������,���m
386,3968,���J�M��,���Ⴝ�ɂ���,����
387,3973,�藘�m,�����Ƃ��Ђ�,�Q�n
388,3974,�[�R�S��,�ӂ���܂䂤��,����
389,3975,���쎛�q�m,���̂ł�Ƃ��Ђ�,����
390,3976,���c�\,����������,�R��
391,3977,�R�{���m,��܂��Ƃ���,���
392,3978,ꎓ��m,�����Ƃ�����,����
393,3981,����W�L,���܂��������Ђ�,�É�
394,3982,���c��,�ӂ���������,���R
395,3983,�{������,���ǂ��Ђ�݂�,���
396,3984,�����,���������߂���,�O�d
397,3986,�����L�a,�������܂Ђ납��,����
398,3987,�㓡���@,���Ƃ��܂��ނ�,�É�
399,3988,�Ð쐽�V,�ӂ邩��܂��䂫,���m
400,3989,�F�{�p��,���܂��Ƃ�������,����
401,3990,���V���F,���肴�킩�Ђ�,�É�
402,3992,�֌��q�v,���������Ƃ��Ђ�,���
403,3993,�i�䐹��,�Ȃ����܂���,����
404,3994,�����,���̂�����,����
405,3995,�d��N�V,�����̂��Ƃ�,�É�
406,3997,�k�����k,�����ނ点����,���
407,3998,�y������,�Ƃ݂Ȃ肯��,����
408,3999,��떾����,��������������,���m
409,4000,���{����,�܂��ƂЂ날��,�L��
410,4002,�Ì��G,�����Ђ낵,����
411,4003,�\����,�����Ă��񂢂�,����
412,4004,�R�{�_��,��܂��Ƃ�������,����
413,4005,�������,������܂��̂�,�R��
414,4006,����E��,���̂䂤����,����
415,4007,�ēc���F,���������܂��Ђ�,�R��
416,4009,���ш��,���΂₵������,�R��
417,4010,�z�q�ƍ_,���������Ђ�,����
418,4011,�x�V���I��q,�ق�̂������悱,���R
419,4012,�����L�T,�Ȃ��ނ�䂤����,����
420,4013,�����F��,�Ȃ����܂����ւ�,����
421,4014,�Љ��b��,������������,�R��
422,4015,�O�엳��,�܂��̂�傤����,�R��
423,4016,����V���Y,�ɂ����킵�񂽂낤,���m
424,4017,�������,�ނ����݂���,�R��
425,4019,�}����,�����͂��傤,�É�
426,4020,��㐴�l,���킩�݂����,����
427,4022,�Ғ��Y�I,�܂��ǂ�䂤��,����
428,4023,�ēc�F�a,���΂��Ƃ�����,����
429,4024,������T,�������悵�̂�,�O�d
430,4025,�R�{���K,��܂��Ƃ����䂫,����
431,4027,���]�G��,�܂��Ђł̂�,����
432,4028,�c�����M,���ނ炽���̂�,����
433,4030,�X����^,���肽��������,����
434,4031,�ѓ���,�������܂܂���,���
435,4033,�ɓ����g,���Ƃ��܂��悵,�É�
436,4034,��������,�ɂ��͂炠����,����
437,4035,���]�_��,�������Ђ날��,���m
438,4036,���c�@,���˂����Ƃ�,���
439,4039,������S,�ނ炩�݂�������,���
440,4040,�A������,�Ђ낹�܂��䂫,����
441,4041,���ъ��,���΂₵���Ƃ�,�R��
442,4042,�ۉ����T,�܂邨���܂��̂�,���
443,4043,�˖{�N�b,������Ƃ₷�Ƃ�,�O�d
444,4044,����_�i,�䂩�킱����,���
445,4045,���X�ؗT��,�������Ђ��,�R��
446,4046,�J���[�i,���ɂނ炯����,����
447,4047,�g�i�_��,�悵�Ȃ��Ђ�̂�,���
448,4049,�r�쌒��,���炩�킯��,�O�d
449,4050,�c���ߎq,����������,���R
450,4051,�����֊�,���݂�����,���R
451,4052,���×�,��������,����
452,4053,���V�],��������̂���,����
453,4054,�����q�V,�ӂ����܂Ƃ��䂫,���R
454,4055,�g�c�r�F,�悵���Ƃ��Ђ�,����
455,4056,�����p�P,���ɂ��Ђł�,����
456,4057,���䌫��,�܂�����,����
457,4058,�얖�q��,�̂����Ƃ�����,�É�
458,4059,���V�F��,���肴��䂤��,����
459,4060,���c�ꐶ,���܂���������,����
460,4061,�����G�l,�͂��͂�Ђł�,����
461,4062,�㓡�z��,���Ƃ��悤����,���m
462,4063,�s����m,�����͂�������,����
463,4064,���c�Ďu,�͂炾����,�R��
464,4065,���c�K�q,���Ȃ��䂫��,���R
465,4066,���{����,�Ђ������Ƃ��Ƃ�,�O�d
466,4067,�i�䌹,�Ȃ����݂Ȃ���,���m
467,4068,�K�c�q�T,���������Ђ�,�É�
468,4069,�R�{�C��,��܂��Ƃ��イ����,���R
469,4071,�É�珻,����������,����
470,4072,�X�i�~,����Ȃ������,����
471,4073,�勴����Y,�����͂�����񂢂��낤,�É�
472,4074,�����,��Ȃ�����͂���,���m
473,4075,���쎟�Y,�Ȃ��̂��낤,����
474,4076,���c�Č�,�������Ƃ��݂�,�É�
475,4077,�i�c����,���Ȃ��Ȃ���,����
476,4078,�n�ӎj�V,�킽�Ȃׂӂ݂䂫,�Q�n
477,4079,�o���F�T,�ł΂������̂�,����
478,4080,�R��N�i,��܂����Ă�,���m
479,4081,����͐�,�Ђ����̂�܂�,���m
480,4082,�_�落,�͂܂����܂���,���
481,4083,�����E��,�ӂ����܂䂤��,����
482,4084,���R����,������܂܂���,���m
483,4085,����T��,�����̂䂤����,����
484,4086,���{�d��,�Ă���Ƃ����̂�,����
485,4089,�������K,���̂������䂫,���R
486,4090,������,�Ȃ��ނ炽����,���
487,4092,�������,�����ׂ�������,����
488,4093,�g�c�@�O,�悵���ނ˂Ђ�,����
489,4094,�����^��,�Ȃ����܂���,����
490,4095,������,�ӂ��炢�悵,����
491,4096,�΋����F,�����΂��݂��Ƃ�,����
492,4097,�ђn�J���l,���񂶂�Ȃ���,�L��
493,4098,���V����,��������ӂ݂�,���R
494,4099,�g�i���Y,�悵�Ȃ��̂肨,���
495,4100,���c���i,�܂�������,����
496,4102,�v�c�[�i,�܂���������,����
497,4103,�R��P�f,��܂����悵�̂�,���
498,4104,�؉��z��,���̂����悤����,����
499,4105,��������,�܂����Ȃ���,����
500,4106,���N�k,�������₷��,����
501,4108,�g������,�悵�ނ�܂�����,�R��
502,4109,�J�ÍK�G,��䂫�Ђ�,���
503,4110,���V�a��,�����킩����,���
504,4111,���c��,�������܂���,�L��
505,4112,��v�ېM��Y,�������ڂ��񂢂��낤,����
506,4113,�ؑ��_�m,���ނ�Ђ낵,�Q�n
507,4114,�[�V�B��,�ӂ����킽�̂�,����
508,4116,��c���l,���킽�܂���,����
509,4117,�A���q�ш�,�Ђ�Ȃ�������,����
510,4118,�F�����~,�����݂����,���m
511,4119,�D�J��B,�Ђ��₩��,���
512,4120,�ѐA���_,���܂��Ђ�,����
513,4121,�x�i�C��,�Ƃ݂Ȃ����イ����,����
514,4122,�����K��,����ǂ�������,����
515,4123,�א�T�q,�ق�����䂤��,���m
516,4124,�r�c�Y��,�������䂤����,�É�
517,4128,����M�v,���킮�������Ђ�,����
518,4129,�F�씎�V,���̂Ђ�䂫,���m
519,4131,���L�y,�͂�Ƃ��,�É�
520,4133,�������j,�����͂��܂���,����
521,4134,���R�M��,������܂����Ђ�,����
522,4136,�]�Ė�,�������݂�,����
523,4137,�N���G�O,���݂��܂��イ����,����
524,4138,����r�S,�Ȃ�������񂷂�,���
525,4139,�O����,���񂰂�����,���m
526,4140,����w�u,�����̂�����,����
527,4142,����a��,�Ђ�̂�������,���m
528,4143,�Y�c�W�k,���炽������,����
529,4144,�Βˋv��,�����Â��Ђ���,���
530,4145,���V�w,������܂Ȃ�,����
531,4146,�����G�I,��Ȃ��΂��Ђ낫,����
532,4148,�}����,�������܂���,����
533,4150,�R�c�Y��,��܂��䂤��,�É�
534,4151,���͗_�j,�������킽���ӂ�,����
535,4152,�[���T��Y,�ӂ��݂����񂢂��낤,����
536,4154,�X���O��,����₷�Ђ�܂�,����
537,4155,����s�u�Y,�Ȃ��̂������낤,����
538,4156,�l��F�u,�͂܂̂�����,�O�d
539,4158,�؏�Y��Y,���΂䂤���낤,�R��
540,4159,���㗴��,��������イ����,���
541,4161,�����_�F,�����Ȃ��Ђ낽��,���m
542,4162,�|�{����,�������Ƃ�������,���
543,4163,�R��T�i,��܂����䂤��,�L��
544,4164,��i�ߖ�,����Ȃ�����,����
545,4166,�g�c�g�Y,�悵�������낤,���R
546,4167,�Љ��G��,���������Ђł�,����
547,4168,�Ζ�M�V,�����̂����䂫,���
548,4169,���c�L�C,�����䂤����,����
549,4171,�|�K�i,���̂�������,����
550,4172,�X��W�j,���肳��������,���R
551,4173,���J����,�������ɂ���,�L��
552,4174,�ԍ�r��,������������񂷂�,����
553,4175,��K�ו�,���킵�肽������,���
554,4176,�����F,�Ђ����悵�Ђ�,����
555,4177,�ݐ��k,���Â܂���,�Q�n
556,4179,�L���C,�Ђ��������,�R��
557,4180,���G�a,�����̂Ђł���,����
558,4181,�Ԗ{�Ď�,�͂Ȃ��ƂȂ�,�O�d
559,4182,�g�c�a�m,�悵�������Ђ�,����
560,4183,�F��퐶,���̂�悢,���m
561,4184,�n粗Y��Y,�킽�Ȃׂ䂤�����낤,���
562,4186,���쎞��,������Ƃ��݂�,���
563,4188,�v�c�q�V,�Ђ����Ƃ��䂫,�Q�n
564,4189,��㍄,���킩�݂�����,����
565,4190,�������L,�Ȃ����܂܂�,�É�
566,4191,�ԉH����,�����΂���,���
567,4193,�����͕�,�����͂炵�傤�ւ�,����
568,4195,�O���k,�܂���������,����
569,4196,�c������Y,���Ȃ��������낤,����
570,4197,������Y,���݂����낤,�É�
571,4199,�k�쏁��,�������킶���,���m
572,4200,���쏮�l,�͂₩��Ђ���,���
573,4201,���|�F��,�������䂤��,���
574,4202,���c�\�_,�������悵�Ђ�,���R
575,4203,���q�N�T,������₷�̂�,�Q�n
576,4204,�ēc���,���΂���������,����
577,4205,�R����,��܂����悵,�L��
578,4207,�������,�܂���������,�É�
579,4208,�O�Y�i��,�݂��炦��,�É�
580,4209,���c���O,�ӂ������Ђ�,�É�
581,4210,�����N��,�܂ނ炱����,����
582,4211,���c��,�ނ炽����,����
583,4213,�d�x�L��,�����Ƃ݂����,����
584,4214,�їS��,�͂₵�䂤����,���R
585,4215,�g���˔V,�悵���܂悵�䂫,���m
586,4216,���h��,�ق�������,�É�
587,4218,�g���p,�悵����悵��,����
588,4219,�{������,���Ƃ������Ƃ�,�L��
589,4220,�[��a�m,�ӂ����킩���Ђ�,����
590,4224,�勴�h����,�����͂����肩,����
591,4225,�y���疾,���₿����,�Q�n
592,4226,���c�_�i,�ނ炽������,�R��
593,4227,���B�T��,�������䂤��,�O�d
594,4228,�g�c�T��Y,�悵�����񂶂낤,���m
595,4229,�s����G,��������悵�Ђ�,�É�
596,4230,�_�蒼��,�͂܂����Ȃ���,���
597,4231,��ؗT��,�������Ђ낽��,���m
598,4232,�}��Y,��イ�܂���,����
599,4233,�T�R��K,���߂�܂܂��䂫,�Q�n
600,4234,�쑊�O�i,�̂����Ђ낵,����
601,4236,�����q,�܂ނ炳�Ƃ�,����
602,4237,����L,�����݂˂䂽��,�R��
603,4238,�œ���,�Ԃ����܂܂���,�Q�n
604,4239,�|�c�C��,����������,�R��
605,4240,����T��,���܂����,�Q�n
606,4241,����d�K,�������������䂫,����
607,4243,������,�ɂ��ނ炠���,���
608,4244,��ؐ���,�������Ȃ��,�É�
609,4245,��������,�����͂��Ȃ���,����
610,4246,�쑽�ߗR��,�����Ȃ䂩,�É�
611,4247,ꎓ��D,�����Ƃ��䂤,����
612,4248,���{��,�������ƂӂƂ�,����
613,4251,��落�u,���킳��������,�R��
614,4252,�����N��,�܂����Ă�,����
615,4253,����^�l,�ɂ�����܂���,����
616,4254,�쓇�\�i,���킵�܂�����,����
617,4256,�n�Ӎ_�i,�킽�Ȃׂ�����,����
618,4257,�Ð쌒,�ӂ邩�킯��,�L��
619,4258,�֍����l,�����˂����Ђ�,���
620,4259,�^�떾�u,�܂ɂ�Ђ낵,����
621,4260,���z���I,�Ȃ������Ђ낫,����
622,4261,���S�b,�����䂤����,�O�d
623,4262,�n��M��,�΂΂悵��,����
624,4263,���d�Y��,���������䂤����,�R��
625,4264,�����͕�,�Ȃ������傤�ւ�,�R��
626,4266,���c���@,���������ނ�,����
627,4268,�a���r��,�킲������񂷂�,����
628,4269,���R�T��,������܂Ђ�Ȃ�,���m
629,4270,�ݖ{�Y�M,�������Ƃ䂤��,�O�d
630,4271,������,���킳�����݂₷,�L��
631,4272,���L�F,�����΂Ђ낽��,����
632,4273,������,���Ƃ�������,�É�
633,4274,�����F��,�Ȃ��͂��䂤����,����
634,4275,����͂₩,����̂͂₩,�L��
635,4276,��؏���,���������Ђ�,���m
636,4277,���c���,���˂���������,���R
637,4278,�����r��,�ӂ���������񂷂�,����
638,4281,���V�喲,��������Ђ��,���
639,4283,�Έ�T��,�������Ђ��,����
640,4286,���c���₩,�Ђ炽���₩,����
641,4287,����M�m,���܂�������,����
642,4288,�i�c�[��,�Ȃ���������,����
643,4289,�������q,���������Ȃ���,���
644,4290,��c�_��,���Ȃ�������,����
645,4292,�����T��,���������񂷂�,�L��
646,4293,��ؒq�[,�������Ƃ��Ђ�,���m
647,4294,�É�ɋP,����������,����
648,4295,���⏮��,�������Ȃ���,����
649,4296,���英�T,���������₷�Ђ�,����
650,4297,�R�c�N��,��܂��Ă�,����
651,4298,�{������,�݂₵�����Ƃ�,���m
652,4299,�����_��,�Ȃ����܂Ђ��,����
653,4300,������,���Ƃ�����,�O�d
654,4301,�֗T��,�����䂤��,����
655,4302,�����đ�,�ɂ��̂��傤��,�L��
656,4303,�q����,�܂��͂炽����,���m
657,4304,���菬�S��,�ӂ����������,����
658,4305,���q���,���˂�������,�Q�n
659,4306,�Ȗ��r��,�����Ȃ������,���m
660,4308,�͑���,����ނ��傤,���m
661,4311,�����m,�����ނ�܂���,���
662,4313,�������q�q,�ɂ��ނ�݂���,����
663,4314,�؍K���Y,�������������낤,����
664,4315,�R��V��,��܂�����������,����
665,4317,�ؑ��їF��,���ނ炳�䂫,�É�
666,4318,�K������,����΂�܂��݂�,����
667,4319,�O�,�݂₯�����,���
668,4320,������,�݂˂�イ��,����
669,4323,�R�c�C��,��܂��䂤��,���R
670,4324,�C��N�u�Y,����̂������낤,�R��
671,4325,�V�o�_�i,����ł�����,���
672,4327,������,���Ƃ����傤,�É�
673,4329,������i,���܂�����,����
674,4330,�ސ{�[��,�Ȃ�������,����
675,4331,�O�D�E�l,�݂悵�͂��,����
676,4332,���㏲��,�ނ炩�݂��傤����,����
677,4335,��я�,�킩�΂₵���傤,����
678,4336,���c���n,�܂�����,����
679,4337,���{�^�V,�Ђ���Ƃ܂��䂫,���m
680,4339,������[,�Ђ点���ɂЂ�,����
681,4340,�y�����,�ǂ��傤�܂���,�O�d
682,4342,�J��B�u,��̂��,�É�
683,4343,������,�ނ炨������,�L��
684,4344,�V�c�Y�j,�ɂ����䂤��,�O�d
685,4345,���ڌ�,�ɂ����Ă���,����
686,4346,�O�c�����Y,�܂������񂽂낤,����
687,4347,���J���D,�������ɂ�����,����
688,4348,�{�菧,�݂₴��������,����
689,4349,������H,����ǂ�������,����
690,4350,�茳�u,���̂������Ƃ�,����
691,4351,�����E�M,���Ƃ����䂤��,����
692,4352,�����Y���Y,�������傤�䂤���낤,����
693,4355,����L��,�����킱������,����
694,4356,�����ǖ�,�Ȃ�������傤��,����
695,4357,�c���a��,���Ȃ�������,���
696,4358,���{�f��,�܂��Ƃ悤�ւ�,�O�d
697,4359,���쐹�u,�悱���킳�Ƃ�,����
698,4360,���i�F��,���傤����������,�É�
699,4361,�����ד�,�€�イ������,�R��
700,4362,�y���q��,����Ƃ��̂�,�Q�n
701,4363,���F��,�����̂悵����,����
702,4364,�r�i��,�����Ȃ��ӂƂ�,����
703,4365,���{�^��,������Ƃ��񂷂�,����
704,4366,�O���j,�܂����킽����,����
705,4367,�R���C�H,��܂������イ��,����
706,4368,�R�����j,��܂��������ӂ�,����
707,4369,�O����,���񂰂�����,���m
708,4370,�R���B��,��܂�������,���R
709,4371,���R�M�_,�ɂ���܂����Ђ�,����
710,4372,���c�C��,�͂炾���,���
711,4373,�ዷ�ޔ��q,�킩���Ȃ݂�,���R
712,4374,�i�c�`�h,�Ȃ����悵�Ђ�,�L��
713,4375,�Ɖ����m,�Ă�₠�Ђ�,����
714,4376,���c���O,�ӂ����₷�Ђ�,�É�
715,4377,�_�{�D��,�͂܂��Ƃ䂤����,���
716,4379,�K���a�G,���킶�܂����Ђ�,����
717,4380,��؏s�C,����������񂷂�,�É�
718,4381,�c�H���j,�Ƃ����Ƃ��Ђ�,����
719,4382,���R�q��,������܂��Ƃ�,����
720,4383,�|�c�g�s,�������悵�䂫,����
721,4384,�ߖ{����,����Ƃ����ӂ�,���
722,4385,��ؗS���q,��������݂�,�O�d
723,4387,���R�q��,�Ђ��܂���,����
724,4388,���V�F�G,���ꂳ�킽���Ђ�,����
725,4389,�ɓ���q,���Ƃ��悵�Ƃ�,���
726,4390,���{�|�Y,�܂��Ƃ�݂�,����
727,4391,���c�S�G,�܂��䂤��,����
728,4393,�c���F��,���Ȃ���������,����
729,4394,�i���T��,�Ȃ����܂䂤����,����
730,4395,���͉�j,��������܂��ӂ�,����
731,4396,��c����,�������Ȃ���,�R��
732,4397,�������,�ɂ��ނ炽����,���
733,4398,�D���m��Y,�ӂȂ����悤�����낤,�L��
734,4399,���{���b,�܂��Ƃ�����,�Q�n
735,4400,�����ތ�,���Ƃ��Ȃ�,����
736,4401,���ё�,���΂₵�₷��,����
737,4402,�����q�j,���Ƃӂ����Ƃ�,����
738,4403,�؉��囒,���̂�����������,����
739,4404,�݈���,��������������,����
740,4405,��엘��,�݂Ȃ݂̂Ƃ�����,����
741,4406,�K��j��,�����̂ӂ݂���,����
742,4407,�����q�O,�����܂Ƃ��Ђ�,�Q�n
743,4408,�m�Ȃ��₩,�ɂ��Ȃ��₩,����
744,4409,�⌳�_�m,�������ƂЂ�Ђ�,���m
745,4410,�����,���̂�����������,���R
746,4411,��c���G,���킾�����Ђ�,���
747,4413,������,�݂��܂���,����
748,4414,���V�^��,��������܂�,����
749,4415,���o���,�����ł�����,����
750,4416,�O���,�݂₯����,�L��
751,4417,������,�͂��Ƃ�悵,�É�
752,4418,�����I�I,����͂�䂤��,���R
753,4419,��������,�͂炩����,���
754,4420,�Ëv����,����������,�Q�n
755,4421,�X��L��,���肳��������,����
756,4422,�i�䗺��,�Ȃ�����傤��,���
757,4423,����M�F,�������������Ђ�,���R
758,4424,�����V��,�܂���������,����
759,4425,��䐴�M,���������悫,�R��
760,4427,�`�p��,�͂�������,���
761,4428,�L��B��,���邪����,���
762,4429,�L�c�חm,�Ƃ悽�₷�Ђ�,�L��
763,4430,�i�c�G��,�Ȃ������イ��,����
764,4431,�Β˗T��,�����Â��䂤����,�O�d
765,4432,������͗�,�����˂��肫��,���
766,4433,����B,����̂߂�,����
767,4434,�c���C�F,���Ȃ����Ђ�,�L��
768,4435,�����B��,�͂��Ƃ肽��,���m
769,4436,�a�J����,���Ԃ₠���̂�,���
770,4437,���c����,�Ȃ�������,����
771,4438,�X��Y��,���肳���䂤��,����
772,4439,�ߓ��F��,����ǂ��Ƃ�����,���
773,4440,�����m��,�͂����Ƃ���,����
774,4441,���i�R�y,�����Ȃ���炭,���R
775,4442,���|���,�܂�����������,���m
776,4443,�Óc�T�G,���Ђ낦,�R��
777,4444,�ː�����,����イ�����؂�,���
778,4445,�{�n���P,�݂₿���Ƃ�,����
779,4446,�a�c����,�킾���񂷂�,����
780,4447,�[�얃�ޔ�,�ӂ�����܂Ȃ�,����
781,4448,�،���,����������,����
782,4449,�����B��,�Ȃ����܂���,����
783,4450,�����ލ�,�Ђ炽���Ȃ�,����
784,4451,����S���Y,�܂����䂤���낤,����
785,4452,������,�܂��܂�,����
786,4456,���q��,���܂����傤,���
787,4457,�_�c�B��,���񂾂���,���m
788,4458,�����Y�O,�܂������䂤����,�L��
789,4459,�Љ���T,���������܂��Ђ�,����
790,4460,�㓡�ĔV,���Ƃ����傤��,����
791,4461,���c�g�G,�₷���悵�Ђ�,�O�d
792,4462,�ĎR����,�Ȃ�܂�傤�ւ�,���
793,4463,�O�ύW�K,�݂Ƃ܂Ă�䂫,����
794,4464,�R���F�M,��܂����䂤��,�É�
795,4465,�吼��,�����ɂ�����,����
796,4466,��C�T,�݂Ȃ݂䂤����,�O�d
797,4467,�n糏r��,�킽�Ȃׂ���񂷂�,���m
798,4468,��r�C��,���������䂤��,����
799,4469,�y�R���,����܂�����,����
800,4470,���c���V�C,�Ђ炽����̂���,�O�d
801,4471,�V�c�׏�,�ɂ����₷����,�L��
802,4472,������L,�����܂����Ђ�,����
803,4473,��������,�Ƃ��ǂ��肩,����
804,4474,�n�Ӑ�,�킽�Ȃׂ�����,����
805,4475,���i�S�P,�����Ȃ��䂤��,�R��
806,4477,��m�u,���̂����ЂƂ�,����
807,4478,�N�{�����,��������Ƃ����,�Q�n
808,4479,���^����,��̂܂��,�R��
809,4482,�牮����,�����݂�,���R
810,4483,�k��P�G,�����̂Ă邫,���m
811,4484,��ċG,���̂��Ȃ�,����
812,4485,�팴����,�����͂�܂�����,����
813,4486,�쑺��,�̂ނ�܂���,�Q�n
814,4487,�O���i,�݂͂����,����
815,4488,���R��,����܂Ƃ�,���
816,4489,���m�m,���킩��ЂƂ�,���
817,4491,�c����,���Ȃ�����,�Q�n
818,4492,�{���G�a,�ق񂾂Ђ납��,���m
819,4494,�͍��C��,���킢�䂤��,�É�
820,4495,�X�W���Y,���肵�񂽂낤,����
821,4496,���x�w,�����ڂ�܂Ȃ�,����
822,4497,�K���I,����͂�䂤,����
823,4498,�{�{�Ď�,�݂���ƂȂ�,����
824,4499,���^�R�q,��������܂䂱,����
825,4500,�R�c�N��,��܂�������,����
826,4501,����R����,�Ђ����䂩��,���R
827,4502,�����G�~,����ǂ�����,����
828,4503,���^�V��,�����̂���̂���,����
829,4504,�O�c����,�܂������傤��,����
830,4505,���c���l,���܂������,���
831,4506,�B�c����,�Ђ���������,����
832,4508,��ԑ��,�̂܂�����,���
833,4509,�����^�F,�Ђ�݂܂��Ђ�,���m
834,4510,��{�މ�,�������ƂȂ�,����
835,4511,�������l,�Ȃ����������,����
836,4512,����N�j,�����̂��Ƃ�,����
837,4513,�͖�^��,����̂����,����
838,4514,�㞊�Îk,���݂��傤�悵��,���
839,4515,���c�_�l,�ӂ����Ђ�Ђ�,����
840,4516,������O,�̂������Ђ�,���m
841,4518,��{��F,���������䂤,���m
842,4519,��������,���݂�����,����
843,4520,���q�F��,�������炱����,����
844,4521,���r����,���������݂�,����
845,4522,���V���I,�ӂ邳��݂̂�,����
846,4523,�����C��,�Ȃ��ނ炽��,����
847,4524,�[�J�m��,�ӂ���Ƃ��Ђ�,�É�
848,4525,�^�q�ޒÎ�,�܂��Ȃ�,����
849,4526,�r�c�Y�S,�������䂤����,���m
850,4527,����S��,�����̂���,���m
851,4528,����B��,���낢����,���
852,4529,���`�M,���܂悵�̂�,����
853,4530,���쐶��,���̂�����,����
854,4531,���x�q��,�����ǂ݂Ƃ�����,����
855,4532,�H���N,�������Ƃ��Ƃ�,���
856,4533,��d�Ў�,�݂˂����䂤��,���R
857,4534,���F��,���������,���
858,4535,�k�R�N��,������܂�������,����
859,4536,������,��������,���R
860,4537,�n糘a��,�킽�Ȃׂ����܂�,���R
861,4538,�}�u���V,�������Ђ�䂫,���
862,4539,���q���u,���˂����Ƃ�,�Q�n
863,4540,��������,�����͂�Ƃ�����,����
864,4543,�d�؋P�F,�������Ă�Ђ�,����
865,4544,���c��u�Y,�܂��������낤,����
866,4545,�����c��,�����ނ炯����,����
867,4546,�l�c������,�͂܂����肳,���
868,4547,���c����,�Ȃ�����イ��,���
869,4548,�؈��߉�,���̂�������,�O�d
870,4549,���ѕ��F,���΂₵�ӂ݂Ђ�,����
871,4550,�Ή�����,�����������傤��,�Q�n
872,4551,�O��V��,�݂��킽������,����
873,4552,���R����,������܂��܂�,����
874,4553,�،�����,�ڂ�������,����
875,4555,�x�i���,�Ƃ݂Ȃ�������,����
876,4556,�|��ޔ�,�������Ȃ�,����
877,4557,�������L,�܂��݂Ђ�,���R
878,4558,�{��m,�݂�̂���,���R
879,4560,���i���ǁX,���傤�������,����
880,4561,���R�đ�,�ӂ���܂��傤��,���
881,4562,��{�E��,�������Ƃ䂤����,���R
882,4563,�V���^�V,�����Ƃ��܂��䂫,���R
883,4564,�R�{�i�m�Y,��܂��Ƃ������낤,�L��
884,4565,�������m,�ɂ��ނ炽���Ђ�,���m
885,4566,���c�k�l,�������ق���,����
886,4567,�㑺�T���Y,�����ނ炵�񂽂낤,�R��
887,4568,�A���^��,�Ђ낹�����,����
888,4569,���V�G��,�Ȃ�����Ђ��,����
889,4570,�O�c����,�܂�������ӂ�,���m
890,4571,���͍�,�����ӂ݂�,����
891,4572,�n����,�킽�Ȃׂ��Ƃ�,���
892,4573,������,���Ƃ��΂�,���
893,4574,������,�����܂����,�L��
894,4575,�˒˖M�D,�Ƃ����ɂ悵,����
895,4578,���R��O,�ӂ���܂܂��Ђ�,���
896,4579,��������Y,�Ȃ����܂��񂢂��낤,�O�d
897,4580,���J���a,�͂�����܂�����,���R
898,4581,�g����,�悵�ނ�܂���,�É�
899,4583,�Óc�S�M,�ӂ邽�䂤��,����
900,4584,�������l,�ނ炨�������,���R
901,4586,�镔��,�����ׂ܂���,���m
902,4587,�ؓc���R�G,�����݂˂䂫,����
903,4588,�c������,���Ȃ����傤����,����
904,4589,����ˉ�,���������Ђ���,�O�d
905,4590,�n糗D��,�킽�Ȃׂ��,����
906,4592,���эF�O,���΂₵�����Ђ�,�R��
907,4593,����@�i,������������,���
908,4594,�J��S��,���ɂ���䂤����,����
909,4596,������z,�����͂�Ђ날��,����
910,4598,�������F,���Ƃ��܂��Ђ�,����
911,4600,��������Y,�������܂����낤,�L��
912,4601,�X�쐳�O,����̂܂��Ђ�,�R��
913,4603,�J�쏫��,���ɂ��킵�傤��,����
914,4604,�␣�T��,���킹�䂤����,���m
915,4607,�ߓc�E�Y,�邽������,����
916,4608,�r���Č�,���炢���傤��,����
917,4610,������C,���Ƃ���������,����
918,4611,�������,���܂��݂�,����
919,4614,�Αq�m�s,��������悤����,����
920,4615,�q�֎j,�������炠��,����
921,4618,�T���N�F,�̂ނ�₷�Ƃ�,�O�d
922,4619,���c�T��,�ӂ����Ђ낽��,����
923,4623,���k���j,�Ȃ������܂���,�O�d
924,4624,���c��,������������,����
925,4625,�n粗T�M,�킽�ȂׂЂ낫,�É�
926,4626,�ɓ��h��,���Ƃ��Ђ날��,���m
927,4627,�����؊�,�ӂ����Ȃ�,����
928,4630,��i��l,����Ȃ��܂���,���m
929,4631,�V��p�F,���炢�Ђł���,���
930,4632,�������u�Y,�Ȃ������傤���낤,����
931,4633,�X�q��,����Ƃ���,����
932,4635,��d�͖�,�݂˂����肫��,���R
933,4636,�Ԓr�C��,�����������イ�ւ�,����
934,4637,���c�F��,�Ȃ����Ƃ���,���
935,4638,���їɑ�,���΂₵��傤��,����
936,4639,�G��E�M,�������䂤��,���
937,4640,�R�m����l,��܂̂����܂���,����
938,4641,�鑺��,�����ނ炽����,����
939,4642,�����ĊC,�܂����Ȃ�,����
940,4643,�ߍ]�Č�,�����݂��傤��,����
941,4644,�R�c����,��܂���傤��,����
942,4645,�㑺����,�����ނ炶��񂢂�,�Q�n
943,4648,�ؑ�����,���ނ��傤��,����
944,4649,�a�c����,�킾����Ђ�,����
945,4650,���R�Y��,�Ȃ���܂䂤��,���m
946,4651,������R,���Ƃ�������,���
947,4652,�����s��,�����݂���񂷂�,����
948,4653,����B��,���̂���,���
949,4654,�c�D��,���̂��䂤��,����
950,4656,�����,�����������傤,����
951,4659,�؉��đ�,���̂������傤��,���
952,4660,�F�c��M��,�������킵�񂢂�,����
953,4661,�����V��,�Ȃ����܂�������,����
954,4663,���R���x,���݂�܂悵����,���m
955,4664,�����W,�Ђ�������������,����
956,4665,�����[��,���Ƃ�������,���m
957,4666,���}���O,�Ђ����܂��Ђ�,���
958,4669,����,���̂���������,����
959,4672,�牮��n,����₾����,���R
960,4674,�r�c���K,������������,����
961,4675,���Ǒ�,���ł�傤��,���
962,4676,�㓡���V,���Ƃ��͂��,����
963,4677,�Ћ��K�M,�����͂��䂫����,����
964,4678,����]��,�݂��̂̂���,���m
965,4679,�A�c����,������������,����
966,4680,�㓡����,���Ƃ��݂�,����
967,4681,���c��,������������,���m
968,4682,����l,��������������,�L��
969,4683,����c����,�ނ������Ȃ���,�L��
970,4684,�팴�đ�,�����͂炵�傤��,����
971,4685,�������K,���܂ނ炽���悵,����
972,4686,�ۖ���,�܂�̂�����,����
973,4688,�i��V��,�Ȃ����Ђ傤��,����
974,4689,�L�c��,�Ƃ悾�䂢,�É�
975,4690,���Η���,�����������,����
976,4691,�����T,�݂��͂炵��,����
977,4692,����r�O,�������Ƃ��Ђ�,����
978,4693,�����_�m,�܂���������,����
979,4694,���c��,����������,����
980,4695,����Y��,�������䂤��,����
981,4697,���O�ĕ�,���ɂЂ낵�傤�ւ�,����
982,4700,���q�a�V,���˂������䂫,���
983,4702,�O�Y�h��,�݂��炯����,����
984,4703,�X�i��,����Ȃ�������,�R��
985,4704,�͖��,����̂���,����
986,4705,�g��E��,�悵����䂤����,����
987,4706,�O�Y�m���N,�݂���悤���낤,���m
988,4708,���c����,�͂񂾂Ȃ���,�L��
989,4709,��������,�����ނ�܂���,����
990,4710,���c�@��,�ӂ������イ�ւ�,���
991,4711,�O�o�B�g,�܂��ł���,����
992,4713,���_�D,���炪�䂤,���R
993,4714,�쑽�{�Ǔ�,�����������,����
994,4715,�����,�ނ炩�݂�傤,����
995,4718,�k�쑾��,�������킽����,����
996,4719,�㞊����,���݂��傤�̂Ԃ���,���
997,4720,���V���ԗ�,�ɂ�����Ђ���,����
998,4723,�����g�F,�Ă炵�܂悵�Ђ�,����
999,4724,�g�c�S�M,�悵���䂤��,����
1000,4725,���|����,������������,����
1001,4726,���c�Ȃ���,���܂��Ȃ���,���
1002,4727,�����T��,���ׂ��񂢂�,����
1003,4728,�R����,��܂�����傤,����
1004,4729,�������j�N,���Ƃ����񂵂낤,����
1005,4730,�y��������,����݂���,�É�
1006,4731,�Ԗ쌓��,�܂̂����̂�,���m
1007,4732,�x�{�a��,�ق���Ƃ�����,����
1008,4733,�Ԉ�r,�������ނ�,����
1009,4734,���͓���,�₷���������傤,����
1010,4735,�p�R�Y��,������܂䂤��,����
1011,4736,���q�a�m,�������炩����,����
1012,4737,�|��M�j,������������,����
1013,4738,���W�Ďq,�����̂��傤��,���
1014,4739,�����W��,�Ȃ��ނ炠���Ƃ�,����
1015,4740,�V���B��,�����Ƃ�����,�É�
1016,4743,�ؑ��m�I,���ނ�܂���,����
1017,4744,�ɓ����,���Ƃ����,����
1018,4746,�哤���c��,�����܂߂���������,���
1019,4747,�R�ːM��,��܂Ƃ���,����
1020,4748,�n糗Y�N,�킽�Ȃׂ����낤,����
1021,4750,��㏮��,���̂������傤��,���
1022,4752,��������,�ɂ�����傤����,���m
1023,4753,�X�ƕv,����Ă邨,����
1024,4754,�����[,�܂��݂�,�O�d
1025,4756,�n糏���,�킽�Ȃׂ܂��Ȃ�,�É�
1026,4757,�R�c�S��,��܂��䂤��,����
1027,4758,�x�~���,�Ƃ����ꂢ��,����
1028,4759,����F��,���܂����݂䂤��,����
1029,4760,�R��S,��܂�������,���
1030,4761,�R�c�W��,��܂������Ђ�,����
1031,4762,�����[�j�N,�ӂ���炯�����낤,���R
1032,4764,���r��T,�����������,����
1033,4765,��c���G�q,�̂��ׂЂ낱,����
1034,4766,�Έ�F�V,�����������䂫,�Q�n
1035,4769,�n�ꍄ,�΂΂悵,����
1036,4771,�����G�a,�����ł�Ђł���,�L��
1037,4772,�ΊۊC�n,�����܂邩����,����
1038,4773,������,�Ȃ�������,����
1039,4775,��t�^��,���΂܂�,�É�
1040,4776,�|�c�a��,������������,����
1041,4778,��[��,�݂�������,����
1042,4779,�ɑq��,������Ђ���,����
1043,4781,���ډʗ�,�ɂ����Ă݂���,����
1044,4782,�l�菀��,�͂܂���������,���R
1045,4784,����c�^�I,�ނ������܂�,�L��
1046,4785,�ؔ�����,���΂�������,���m
1047,4786,��������,���Ƃ��Ђ날��,���m
1048,4787,�Ŗ��L,�����Ȃ䂽��,�Q�n
1049,4788,���r�N��,�������Ă�,���
1050,4789,�É�q�V,�����Ƃ��䂫,����
1051,4790,�����h��,��Ȃ�������,����
1052,4791,���V�߂���,���낳��߂���,����
1053,4792,��������,�����ނ炯���,����
1054,4793,���q�G,���˂��͂���,�É�
1055,4794,�a�c���,�킾������,����
1056,4796,�t������,�͂邼�̂�����,�O�d
1057,4797,���R��,�Ȃ���܂��傤,�O�d
1058,4798,�l��^��,�͂܂����܂��̂�,�L��
1059,4803,�ѓc����,���������傤��,����
1060,4804,���c�Ђ���,�������Ђ���,�O�d
1061,4808,������,�܂��Ђ��,�O�d
1062,4809,�O���,�Ƃ̂������Ƃ�,���
1063,4811,����c�C�I,�ނ������䂤��,�L��
1064,4812,����Y�M,�ɂ��̂䂤��,����
1065,4813,�{������,�݂₤���Ȃ���,����
1066,4815,�����S��,�ӂ����܂䂤����,����
1067,4816,�����C��,�ނ�܂��イ��,�L��
1068,4817,�n糗�,�킽�Ȃׂ΂�,�R��
1069,4818,�����r��,�ӂ��݂���񂷂�,����
1070,4819,�I�{����,�͂����݂���,�Q�n
1071,4821,�Ȓ��W��,�߂�ǂ肵���,����
1072,4822,�S����,�ЂႭ�������傤,����
1073,4823,��������,�Ȃ��ނ������,����
1074,4824,����^��,�܂�������,�O�d
1075,4825,�q��仁X,����������,����
1076,4826,����P,���̂���������,���
1077,4828,���R����,�܂�܂��傤��,����
1078,4831,�H�쒼��,�͂̂Ȃ���,����
1079,4832,�����r��,����ǂ��Ƃ��݂�,���
1080,4834,�l�{�T��,�͂܂��Ƃ䂤��,���
1081,4835,���{��,�͂����Ƃ�����,�L��
1082,4836,��J����,�������ɂ���,���
1083,4837,����z�S,�������悤����,���m
1084,4839,�l�{�^��,���݂̂�Ƃ��Ђ�,����
1085,4840,��؏G�,���������イ��,�É�
1086,4842,�R���V��,��܂�����������,���R
1087,4843,�[���b�b,�ӂ����Ƃ���,�É�
1088,4844,����ޕ�,�ނ炩�݂Ȃ�,�L��
1089,4845,�O�c�ъ�,�܂�������,���
1090,4846,�����x��,���Ƃ�����񂷂�,�R��
1091,4847,���������Y,���Ƃ���イ���낤,����
1092,4848,���J�D�m,�Ȃ����ɂ͂��,����
1093,4850,�쒆�ꕽ,�̂Ȃ������؂�,���m
1094,4851,�֍_��,�����Ђ��,�Q�n
1095,4852,�쌴�S��,����͂�Ђ날��,����
1096,4853,�O����,�܂��͂炿��,���R
1097,4854,�勴�R��,�����͂��䂸,����
1098,4856,�L�c���m�Y,�Ƃ悾���񂵂낤,�O�d
1099,4857,�����Ĕn,���Ƃ����傤��,����
1100,4861,�c���G��,���Ȃ��Ђ낫,����
1101,4863,�O�Y�T�M,�݂���䂤��,����
1102,4864,������I��,������ɂ���,����
1103,4865,����h�i,���Ă�������,���
1104,4866,���{�p��,�͂����ƂЂł���,����
1105,4871,�e�r�G�u,�������Ђ낵,�R��
1106,4872,�R�����S,��܂�����イ����,�L��
1107,4873,��������,�����͂炯��,����
1108,4874,�r�c�ޒÔ�,�������Ȃ�,����
1109,4875,��ˍN��,�������₷�܂�,����
1110,4876,�~�،h��,���߂�������,����
1111,4877,��J�ꕽ,�������ɂ����؂�,����
1112,4878,�����疢,�ɂ�����������,����
1113,4879,�R��S��,��܂����Ă��؂�,����
1114,4880,�V��Y��,���킴���䂤��,����
1115,4882,�����,�������킿���,�L��
1116,4883,������P,�����ׂ�����,����
1117,4884,���Y�^��,������܂�,���R
1118,4885,��R��L,������܂��Ђ�,����
1119,4886,���C�],����݂���,���R
1120,4887,�x�V�S��,�Ƃ݂���䂤����,�Q�n
1121,4888,��������,���˂���イ��,�Q�n
1122,4889,�㓡����,���Ƃ�������,����
1123,4890,�ΐ��,���������傤,�R��
1124,4891,��������,�Ă炵�܂݂���,����
1125,4892,�ēc����,���΂��Ȃ���,����
1126,4893,�n糐^�ޔ�,�킽�Ȃׂ܂Ȃ�,����
1127,4894,�������,�͂�ނ炽����,����
1128,4895,��ԗY��,����܂䂤��,����
1129,4896,�Ԗ{��,�͂Ȃ��Ƃ���,�R��
1130,4897,�[�����R��,�ӂ��݂����,���m
1131,4898,�e�n�h��,��������������,���
1132,4899,�蕔��^,����ׂ�����,����
1133,4900,���c�[�M,�Ȃ����䂫,���
1134,4901,�o�����L�q,�ł����܂���,���m
1135,4902,�R��Y��,��܂��킽���Ђ�,����
1136,4903,�g�c�����N,�悵����傤���낤,���m
1137,4904,���{��B,�܂��Ƃ�����,���
1138,4905,�y��ˌ�,�ǂ����傤��,���
1139,4906,��؉��,�������܂���,����
1140,4907,���r�C��,���������イ�ւ�,���
1141,4908,��c����,��������イ����,���
1142,4909,��������,��Ԃ����݂���,���R
1143,4910,�����ו�,�Ȃ��ނ炽���ւ�,���m
1144,4911,�Љ���n,��������������,����
1145,4914,�g�c�T��,�悵���䂤�ւ�,���m
1146,4917,�⋴�T�n,����͂��䂤��,����
1147,4918,�쓇��Y,���킵�܂����낤,�É�
1148,4919,�g�c�Č�,�悵�����傤��,����
1149,4924,���k��,�Ȃ�������傤,����
1150,4925,�X�I�H,����䂤��,����
1151,4926,�g��M�m,�悵���킽���Ђ�,�O�d
1152,4927,�֖앶,�����̂���,���
1153,4928,�I�鏠,���肫���傤,����
1154,4930,�����I,���Ƃ��䂤,����
1155,4931,�ؒJ����,�����ɂ���,����
1156,4932,�V�J�q,���񂩂��킽��,����
1157,4933,���Љ�,�����΂��䂤��,�É�
1158,4934,���X���ēl,���������傤��,���
1159,4936,�˕~�W��,�Ƃ���������,����
1160,4938,��������,��������肩,����
1161,4939,�{�V���P�I,�݂�̂͂炱����,����
1162,4940,���ΗL��,���炢������,����
1163,4941,����S��,�܂�����������,����
1164,4942,�ēc����,���΂��Ƃ���,����
1165,4943,���؎���,�€�͂邫,���m
1166,4944,�c��B��,�����낽��,����
1167,4945,�㑺�G��,�����ނ炱����,����
1168,4947,�Ԓ�ؓE,�܂ɂ�Ȃ�,����
1169,4948,�؏�I��,���΂䂤����,����
1170,4949,���c�M��,�悱�������݂�,����
1171,4950,��������,����������イ��,�R��
1172,4951,�V�c�m��,�ɂ����悤����,�L��
1173,4952,�g���^��,�悵���������,����
1174,4953,������,���̂����܂���,���
1175,4954,���R�s��,������܂���񂷂�,����
1176,4956,ꎓ��叫,�����Ƃ��Ђ�܂�,����
1177,4957,�|�V����,�����̂��������,����
1178,4958,�a���C�`��,�݂������݂���,����
1179,4959,��㒉��,���̂��������܂�,���
1180,4960,���쌳��,����̂��Ƃ�,���m
1181,4961,�����ޖ�,�ɂ��͂��Ȃ�,����
1182,4962,������,�͂�����,�O�d
1183,4963,���X���S,���˂���݂�,�L��
1184,4964,�y����,����݂Ȃ�,���R
1185,4965,������,�ӂ�����������,����
1186,4966,�c���M,�����킾����,����
1187,4967,�����@��,�Ȃ��ނ炩������,���
1188,4969,���c����,�܂����Ђ낫,����
1189,4973,�I������,����͂�Ȃ���,���
1190,4974,���䐐�I,�₷���݂���,���R
1191,4976,���R����,���˂�܂��,����
1192,4977,�n��s,���܂̂Ђ���,���
1193,4978,�R�c�a��,��܂�������,�L��
1194,4979,���얲�l,�Ȃ��̂�߂�,���m
1195,4980,���X�؊���,����������,�R��
1196,4981,�q�R�֖�,�܂���܂���,����
1197,4982,��������,�Ȃ��ނ�̂Ԃ���,����
1198,4983,�O�c�č�,�܂�������,���m
1199,4984,�X������,���肵��������,�É�
1200,4985,��{����,�����Ƃ܂���,�R��
1201,4987,���q�s,���܂���݂₱,�Q�n
1202,4988,���c����,�ނ����傤��,�É�
1203,4989,�Ό���,�����͂�΂�,�É�
1204,4990,�c�����q,���Ȃ��Ђ낱,����
1205,4991,�@�s����,�ނ˂䂫�͂��,�L��
1206,4992,�A���č�,�Ђ낹����,����
1207,4994,�R�{����,��܂��Ƃ��,����
1208,4995,�c糗���,���Ȃׂ�傤����,����
1209,4997,�_�������,�͂܂���������,���
1210,4998,�������Ȃ�,�Ȃ��ނ炩�Ȃ�,����
1211,5000,���{�đ��Y,�������Ƃ��傤���낤,�R��
1212,5002,��c����,����������,���m
1213,5003,���c�ߐD,����������,����
1214,5004,�͖���,�����̂�����,���
1215,5005,�Γc�M�m,�����������Ђ�,���
1216,5006,�v�ی��G�l,���ڂ͂�Ђł�,�Q�n
1217,5007,�ߓ��Y��Y,����ǂ��䂤�����낤,����
1218,5008,�H���,�͂̂�傤,����
1219,5009,��ꗴ�V��,��������イ�̂���,����
1220,5010,�F���c�ĕ�,���邽���傤�ւ�,�O�d
1221,5011,���،\��,������������,����
1222,5012,���q�А�,������䂤����,����
1223,5013,�R���ė�,��܂��������,�O�d
1224,5014,���R���l,������܂�傤��,����
1225,5015,��������,�����͂���イ��,�L��
1226,5016,�{�c���n,�݂₽��イ��,����
1227,5017,�V�c����,���킾�Ȃ���,����
1228,5018,�|�����,��������������,����
1229,5019,�ēc�S�b,���΂�������,�É�
1230,5020,�{���E��,�݂�ނ�䂤��,�O�d
1231,5022,�ɓ�����,���Ƃ����傤��,����
1232,5023,�v�i�˕�,�Ђ��Ȃ����傤�ւ�,����
1233,5026,���͓���,�₷����������,����
1234,5027,�d�y�E��,�����Ƃ݂䂤��,�R��
1235,5028,���c�ˈ�Y,�͂炾���������낤,����
1236,5029,������,�Ȃ���傤��,����
1237,5030,���q���,���˂�����,�Q�n
1238,5031,�n�Ӌ��,�킽�Ȃׂ��炢,����
1239,5032,�J���m�D,���ɂ����Ƃ��܂�,����
1240,5033,�����F�l,�ӂ���炽����,���m
1241,5034,��ы`�l,�킩�΂₵�悵��,�É�
1242,5035,�N��D,�����炢�܂���,���
1243,5036,���c�Č�,�ӂ������傤��,���
1244,5037,�c���Րe,��������Ƃ炿��,����
1245,5038,���c�q��,���˂��Ƃ��Ђ�,����
1246,5039,�q�c�Ώ�,���炽�����܂�,���m
1247,5041,�r�q�⍹,����܂��Ȃ���,����
1248,5042,���c����,�͂���������,���
1249,5043,��������,�Ȃ��ނ�Ђイ��,����
1250,5044,�n糌�,�킽�Ȃׂ���,����
1251,5045,���썁�D,�Ђ炩�킩����,���
1252,5046,���R�T��,�܂�܂䂤��,���
1253,5047,���������Y,�����Ԃ񂵂傤���낤,����
1254,5048,�����N��,�܂Ƃ肱����,����
1255,5049,����F��,�܂��䂤��,���
1256,5050,�؉��Y��,���̂����䂤����,����
1257,5051,���{����,�܂��Ƃ����؂�,���
1258,5052,�Ԉ䐯����,�����������,���
1259,5053,�R���L��,��܂���������,����
1260,5054,���X�ؑ��,������������,���
1261,5055,�����͑�,�܂Ƃ肵�傤��,����
1262,5056,��������,�ɂ������Ȃ��,����
1263,5057,��c�ѓ�,����������,���
1264,5058,�O���哹,�܂��͂�Ђ�݂�,���R
1265,5059,�y�c��,�Ƃ݂����傤,����
1266,5060,�����@,�����͂炩��,����
1267,5061,�����x��,�Ȃ��ނ炵���؂�,���m
1268,5063,��ˉ뎡,�������܂��͂�,����
1269,5064,�i������,���Ȃ���ɂ���,�R��
1270,5065,�ɋv�ԗz�D,�����܂Ђ䂤,�Q�n
1271,5066,��؍F��,��������������,���
1272,5067,�R�c�^��,��܂��܂�����,�R��
1273,5068,�O�c��,�܂����Ђ���,���m
1274,5069,�R�菬�t��,��܂������͂�,�Q�n
1275,5070,�����q,�Ȃ����܂킽��,����
1276,5071,�쌩�R���,�݂̂�܂�����,����
1277,5072,�g�c�ǔ�,�悵������,���
1278,5073,�㌴�����Y,�����͂炯�񂶂낤,����
1279,5074,���V����,�������킹����,���m
1280,5075,�����G��,�Ȃ����܂��イ��,����
1281,5076,�Ό���,�����͂�Ђ���,�É�
1282,5077,����,���������傤,���
1283,5078,�R��g��,��܂���͂�,�O�d
1284,5079,��ΐ^��,���������܂�,�É�
1285,5081,������,���̂͂�΂�,����
1286,5082,��F����,����������傤��,���m
1287,5083,��������,��Ȃ�����,�R��
1288,5084,���i�a��,�����Ȃ�������,����
1289,5085,�����h��,�Ȃ��ނ炦����,����
1290,5086,�{����,���Ƃނ炾��,����
1291,5087,�����q,���Ƃ�����,���
1292,5088,�����l�G,�����͂�����,���
1293,5089,�O�c��,�܂���������,���m
1294,5090,��������,���Ԃ���������,�Q�n
1295,5091,�ז{�q��,���߂��ƂƂ���,����
1296,5092,�����,���̂͂点����,����
1297,5093,�Y��C,����̂���,����
1298,5095,��������,���͂�Ƃ��䂫,����
1299,5096,�㌴��,�����͂��傤,����
1300,5098,��]��,�����������,���m
1301,5100,�I����n,����͂炩����,�Q�n
1302,5101,�\����,�����Ă���,����
1303,5102,���c�Y��,�͂炾�䂤��,����
1304,5103,�œc����,���΂����傤����,���
1305,5104,�R�c��,��܂����傤,����
1306,5105,�x�c����,�Ƃ݂����傤,����
1307,5106,�R���,��܂������傤,�R��
1308,5107,���{�^�L,�܂��Ƃ܂��Ђ�,����
1309,5108,�ēc����,���΂�������,�Q�n
1310,5109,���q��,���킳���Ƃ��Ȃ�,���R
1311,5110,���R���,������܂�����,�É�
1312,5111,�O���x�l,�݂ނ炪����,���R
1313,5112,�����m�P,���ȂȂ��Ƃ���,���
1314,5113,�����Ԗ�,����݂傤�͂Ȃ�,���R
1315,5114,���эF��,���΂₵��������,����
1316,5115,�����D��,�����킻����,����
1317,5116,���q���C,���˂��ȂȂ�,����
1318,5117,�y��������,�ӂȂ���������,����
1319,5118,��c�ȂÂ�,�̂��ȂÂ�,����
1320,5120,�R�{�����N,��܂��Ƃ��񂽂낤,���m
1321,5121,�菼�E��,�����܂䂤��,����
1322,5122,���n��,�����܂��傤,���
1323,5123,���R�b����,�ӂ���܂����,�R��
1324,5124,��눺��,���傤���������,����
1325,5125,����Y��,�������䂤��,���m
1326,5126,�R����P,��܂���������,����
1327,5127,���c��s,�ʂ܂��Ђ��,���m
1328,5128,�؈�u�C,�ڂ���������,�O�d
1329,5129,�R���^��q,��܂����܂���,����
1330,5130,����n,�����̂�����,�O�d
1331,5131,�]���֍G,���Ƃ����Ђ�,����
1332,5132,������,�Ȃ��̂�����,���
1333,5133,�x�z�Y�M,�ق肱���䂤��,����
1334,5134,�匴�ˏ�,�����͂�悵�܂�,�L��
1335,5135,���q��,�Ȃ�������,����
1336,5136,�_��l�n,�͂܂̂Ƃ���,����
1337,5137,�쌴��,����͂��傤,���m
1338,5138,���{�听,�ނ���Ƃ�������,����
1339,5139,���P�G,�����΂�����,���m
1340,5140,�g�c�ʔT,�悵�������,�É�
1341,5141,���V����,��������ӂ���,�Q�n
1342,5142,��Z�@,�˂��݂��,����
1343,5143,��ՊC�S,�Ƃ��킩������,����
1344,5144,�����ʍ�,�Ȃ������₩,����
1345,5145,����C�P,���܂��킩����,�R��
1346,5146,��c�ʉ�,�̂����₩,�R��
1347,5147,�c���E��,���Ȃ��䂤����,���
1348,5148,���{��,�܂��Ƃꂢ,����
1349,5150,��{�Y�I,�������Ƃ䂤��,�Q�n
1350,5151,�R���ޏ�,��܂����Ȃ�,���
1351,5152,�ێR�S��,�܂��܂䂤��,����
1352,5153,�����ق̂�,���Ƃ��ق̂�,����
1353,5154,�����h��,�ނ�܂�����,�L��
1354,5155,���R���C,������܂ȂȂ�,����
1355,5156,��삳����,�����̂�����,����
1356,5157,�s�쌒��,�������킯��,����
1357,5158,�{�e�ɑ�,�݂�킫��傤��,����
1358,5160,���X���l,�ӂ�����肭��,����
1359,5161,�o�ʔ��S,�Ƃ��܂͂��,����
1360,5162,�������,�܂����Ƃ�,����
1361,5163,�������C,���݂�����,�R��
1362,5164,�X�c����,���肽�肱,����
1363,5165,���ш���,���΂₵�Ȃ��,���R
1364,5166,�������,�Ȃ��݂���������,���m
1365,5167,���엳���N,�������傤���낤,���
1366,5169,�x�{�đ�,�ق���Ƃ��傤��,���m
1367,5170,��������,���Ƃ���������,���R
1368,5171,�������B,���݂��݂�,����
1369,5172,�c���c,���ނ炯��,����
1370,5173,�J�����@,���ɂ��������,����
1371,5174,���G,���킢����,�É�
1372,5175,������N,���܂������傤�����낤,����
1373,5176,�Αq���,�������炽����,�R��
1374,5177,����ё�,�܂�����,����
1375,5178,����ԕ�,�Ȃ肳�����؂�,���m
1376,5179,���{���P,�ӂ����Ƃ���,����
1377,5180,���{�і퍁,�ӂ����Ƃ��₩,�R��
1378,5181,�X�q��,����Ƃ���,���R
1379,5182,�{�����,�݂₴�������,���
1380,5183,����F��,�Ȃ��̂�����,�O�d
1381,5184,�ђˋ�,�����Â��Ђт�,�Q�n
1382,5185,�����D��,���Ƃ��܂���,����
1383,5186,�����\��,����ǂ�������,����
1384,5187,���╗��,�������ӂ���,����
1385,5188,����仗���,��������肩,����
1386,5189,��������,�ӂ���炳��,���R
1387,5190,�匎�V��,�������䂤��,����
1388,5191,��c�]��,�Ƃт�������,���
1389,5192,�����D��,�Ȃ����䂤��,����
1390,5193,�Ċ۔T�G,��˂܂�̂�,����
1391,5194,��v�ۗC��,�������ڂ䂤��,���
1392,5195,�k���J�X,�����ނ�˂�,����
1393,5196,�k������C,��ɂׂ�����,���m
1394,5197,����m��,�Ȃ��̂悵�Ă�,���m
1395,5198,����������,�����ނ炠����,����
1396,5199,�����I,����݂䂤,����
1397,5200,�������,���݂���,����
1398,5201,����@���Y,�ނ炩�݂������낤,����
1399,5202,�{�����,�݂₴������,���
1400,5203,�_���Չ�,���݂��Ƃ��Ƃ�,����
1401,5204,�F�b�L��,�����䂤��,�O�d
1402,5205,�Y��������,�������ׂ��肳,�É�
1403,5206,�~���˕�,���߂͂炵�傤�ւ�,���R
1404,5207,���R�h��,������܂�����,����
1405,5208,���Ǘ��I,����イ��,����
1406,5209,���싞��,���̂��傤�ւ�,����
1407,5210,������l,�ӂ����Ȃ���,����
1408,5211,����x��,������������,���m
1409,5212,�����,�ɂ����킽����,����
1410,5213,���ǋI��,�䂠���̂肩,�Q�n
1411,5214,�c���G�T,���Ȃ���������,����
1412,5215,�Ίۏ���,�����܂邱�܂�,����
1413,5216,���J�쐰��,�͂����킹����,�Q�n
1414,5217,�����ɐ�,�ӂ���炠����,���R
1415,5218,�R�c����,��܂��肨,����
1416,5219,�X���a�I,���肮��������,����
1417,5220,�ؘ@,���������,���
1418,5221,�|�ԗ���,�����܂�イ����,���
1419,5222,�Óc����,���肭��,�L��
1420,5223,�X���F��,���肫��䂤��,����
1421,5224,�������S,�ɂ��������񂵂�,����
1422,5226,���c�r�S,�ӂ�������񂷂�,����
1423,5227,�쌴����,����͂炠����,����
1424,5228,��ю���,�킩�΂₵������,����
1425,5229,�g�쐰�l,�悵����͂��,����
1426,5230,�Ό����,�����͂�Ȃ���,���m
1427,5231,���c��,�Ă炾����,�R��
1428,5232,���R��n,���݂�܂�����,���m
1429,5234,�ˉz�C�l,������������,�Q�n
1430,5235,��c��,���킽��傤,���
1431,5236,���{����,���݂��傤��,���R
1432,5237,�i���ǋ�,�Ȃ��܂�傤��,����
1433,5238,���؍���,���������傤��,�R��
1434,5239,���r��,�����̂Ƃ���,����
1435,5240,��������,�����͂���イ��,����
1436,5241,��c�x,���ǂ�������,����
1437,5242,���R�O�l,������܂Ђ��,���
1438,5243,�O�n���j,����΂����ӂ�,�L��
1439,5244,���c��,���낾������,����
1440,5245,�q�x�吽,����Ƃ݂�������,���m
1441,5246,�폫���Y,�����̂����傤���낤,���
1442,5247,��X��,��������΂�,����
1443,5248,�{�c��,�ق񂾂���,�É�
1444,5249,�O�ؐ��l,�݂��͂��,����
1445,5250,���c�L��,���܂��䂤��,����
1446,5251,���c����,�ʂ܂��ȂȂ�,����
1447,5252,�r���D�l,���炫�͂��,���m
1448,5253,���䑾��,�ӂ���������,����
1449,5254,�H�c�܊�,�͂�������,���m
1450,5255,�������,�ӂ���点��,����
1451,5256,���R�đ�,�Ȃ���܂��傤��,�O�d
1452,5257,���ۘБ��N,�ɂ��܂�䂤���낤,����
1453,5258,���{�w,�Ȃ����Ƃ����,����
1454,5259,��c����,�̂����傤��,���
1455,5261,�����S,�����悤����,����
1456,5262,��؏͎i,���������傤��,���m
1457,5263,�ԓc�M��,�͂Ȃ���������,����
1458,5264,�o�݂Љ�,�̂ڂ�݂Ђ�,����
1459,5265,��A��G,�����Ђ낳��,����
1460,5266,�Γc�E�l,�������͂��,���m
1461,5267,�Ζ{�T��,�������ƂЂ��,���
1462,5268,�R�{�K��,��܂��Ƃ䂫��,����
1463,5269,�R���W��,��܂��������Ƃ�,�É�
1464,5270,���ʌ[��,�����܂�����,����
1465,5271,���R���z,������܂����悤,����
1466,5272,���c�^��,�܂��܂�,���m
1467,5273,�R����,��܂���������,����
1468,5274,��Ԑ���,����܂�����,����
1469,5275,���c�~��,�܂������؂�,�O�d
1470,5276,�哇���T��,�������܂�イ�̂���,����
1471,5277,��㖢�s,���̂����݂�,����
1472,5278,�c���x��,���Ȃ������؂�,����
1473,5279,�Γn�Ĉ�Y,�����킽���傤�����낤,����
1474,5280,�A���,�Ђ낹���,����
1475,5281,���y��,���̂����͂��,����
1476,5282,���{���,�Ȃ����Ƃ�����,����
1477,5283,�A�ؔ���,�������݂�,����
1478,5284,�Î芡�O��,���ł���Ă�,����
1479,5285,��ї�,�킩�΂₵�ꂢ,����
1480,5286,�����,������������,����
1481,5287,���D�J,�������킨���,���
1482,5288,�������@,���݂̂�������,���
1483,5289,�ϘҋI,�����炢��,���
1484,5290,��{��^,�������Ƃ�����,����
1485,5291,�O��������,�݂��܂�����,����
1486,5292,�����E��,���Ƃ������傤,����
1487,5293,���蕐��,�܂����ނ���,�É�
1488,5294,�L�c�ː�,�Ƃ悾���傤��,�É�
1489,5295,�c���,���̂������,���
1490,5296,�i�c�y,�Ȃ����炭,���m
1491,5297,��ʔJ,�݂Ȃ݂����,����
1492,5298,���J���l,�݂����ɂ܂���,����
1493,5299,���ۓ֊�,�ɂ��܂邠��,����
1494,5300,���c�C�l,�悱��������,���m
1495,5301,�≺�I�l,���킵��������,�Q�n
1496,5302,�H���`��,������������,���
1497,5303,�y�����,�ǂ������,����
1498,5304,��c����,������傤����,�Q�n
1499,5305,�ɓ��x,���Ƃ�������,���m
1500,5306,�͓��I����,���킿��肠��,�Q�n
1501,5307,�x�i�čƐl,�Ƃ݂Ȃ������,����
1502,5308,���X��C,�ӂ����肽����,����
1503,5309,�X�Y��,����䂤��,����
1504,5310,�y����,������,���R
1505,5311,���ы���,���΂₵���傤�ւ�,�R��
1506,5312,��ӊs�l,����ׂ�����,����
1507,5313,��ؗB��,����������,�Q�n
1508,5314,���]�ډ�,�Ȃ����邩,����
1509,5315,��䗃,�������΂�,���
1510,5316,��������,�ނ�܂��傤�ւ�,�É�
1511,5317,�����G��,�Ȃ�������,���R
1512,5318,�͓���n,���키��������,���m
1513,5319,�ߓ��D�l,����ǂ��͂��,���m
1514,5320,����q,���킴���ꂢ��,�Q�n
1515,5321,��F�D�P,������������,���m
1516,5322,���ݐ^�D,�˂����܂�,���
1517,5323,����z��,������ЂȂ�,����
1518,5324,���c���,�͂���������,����
1519,5325,�F���,���Ԃ���Ȃ�,���
1520,5326,�O�������,�݂��܂����,����
1521,5327,���c�a��,�ɂ����킩,���
1522,5328,���d�l,���̂���������,����
1523,5329,���q���l,���˂���イ��,����
1524,5330,���͓���V��,�₷�����������̂���,����
1525,5331,�����i��,���Ƃ�������,����
1526,5332,�����y�P,�ނ�܂͂邫,�É�
1527,5333,�R���q��,��܂����Ƃ���,����
1528,5334,�~�t�V�S,�����΂ɂ�,����
1529,5335,�X�z��,����ЂȂ�,����
1530,5336,�����n,�����킾����,�R��
1531,5337,�o���F��,�ł΂���������,����
1532,5338,������P,�����Ђ낫,����
1533,5339,�Έ�L��,�������̂ԂȂ�,����
1534,5340,��]�䕑,�Ђ����܂�,���m
1535,5341,�R���x��,����ǂ�������,�Q�n
1536,5342,�����S��,�͂�ނ������,�R��
1537,5343,���ї牛,���΂₵�ꂨ,�L��
1538,5344,�J����,���ɂ������傤,����
1539,5345,�q���r�P,�܂��ނ�Ƃ���,���m
1540,5346,������[��,�Ȃ��ނ炠���,���m
1541,5347,���V����,�����킹��,���m
1542,5348,���ъÔJ,���΂₵����˂�,�L��
1543,5349,�{��t��,�݂₴��������,�É�
1544,5350,�ԑ�ǉ�,�������傤��,����
1545,5351,ꎓ���,�����Ƃ����,����
1546,5352,�������u,�ɂ�����������,����
1547,5353,����s��,�������킻��,����
1548,5354,�n粗Y�l,�킽�Ȃׂ䂤��,�O�d
1549,5355,�����䑾�N,�͂��͂炶�傤���낤,����
1550,5356,���J��g,�͂�����ЂȂ�,���R
1551,5357,�c��������,���Ȃ������,���
1552,5358,���{�ǎ�,�܂����Ƃ��񂶂�,����
1553,5359,��������,���Ƃ�����,����
1554,5360,����䝔�,�������܂���,���
1555,5361,�A�|���,�����������,����
1556,5362,��������,�Ȃ����܂���,�É�
1557,5363,�R�{�M��,��܂��Ƃ�����,�L��
1558,5364,���q�剛,���˂��ꂨ,�Q�n
1559,5365,�Α����ޓ�,�����ނ�ЂȂ�,����
1560,5366,�����׋�,�������܂₷�Ђ�,����
1561,5367,�ԏ��獁,�����܂��₩,����
1562,5368,�{��S�V��,�݂₴������̂���,���
1563,5369,����⑿,���������Ȃ���,����
1564,5370,���G��,�Ђ��܂�����,����
1565,5371,�����D��,�͂₩�킻����,����
1566,5372,�㉪�I��,��������������,�L��
1567,5373,�z�K���,����ꂢ��,���R
1568,5374,�؎R�吹,����܂�������,���R
1569,5375,��������,���傤���܂���񂹂�,�R��
1570,5376,�g�c��S,�悵����������,���
1571,5377,�����˗䉤,�Ƃ肢�Â��˂�,�Q�n
1572,5378,��،�����,�����������؂���,�É�
1573,5379,�A���喾,�Ђ�ׂ����߂�,����
1574,5380,��c����,�̂�����,����
1575,5381,�L�R�],�����܂̂���,���
1576,5382,�R���S��,��܂������񂢂�,����
1577,5383,������,�Ȃ��ނ炩����,�O�d
1578,5384,���˗���,�₦��ӂ�,����
1579,5385,��ؕA��,���������イ����,�É�
1580,5386,�ċʗ����,��˂��܂肾����,����
1581,5387,�˓c�C�特,�Ƃ��݂���,�R��
1582,5388,����D�s,���̂䂤��,����
1583,5389,�b�ǋՔ�,���炱�Ƃ�,����
1584,5390,��������,�����͂�������,�Q�n
1585,5391,�o��a��,�����ق킱,�R��
1586,5392,�������,�₷����������,����
1587,5393,�����x,�ӂ��͂炵���,���
1588,5394,�����L���Y,�ӂ��ɂ��������낤,���
1589,5395,�������V��,�Ђ�����イ�̂���,����
1590,5396,�ߓ�����,����ǂ��炢��,����
1591,5397,���c����,�Ă炾�ނ�,�R��
1592,5398,�����]�^�i,���˂�������,����
1593,5399,���얢��,�Ȃ��݂̂炢,�O�d
1594,5400,������,�����ނ��傤,����
1595,5401,�J�C�Đl,���ɂ݂Ȃ�,�L��
1596,5402,�ˉz���l,�������肭��,�Q�n
1597,5403,���R�N��,�ӂ���܂䂤��,����
1598,5404,���c�s,����������,�R��
1599,5405,�|����,���������炢,���m
1600,5406,��������,���΂��ӂ���,�R��
1601,5407,�����x,�Ȃ����������,����
1602,5408,���R���,�Ȃ���܂�������,����
1603,5409,�{�{����,�݂���Ƃ�イ����,����
1604,5410,�����Y,���܂����݂݂�,���m
1605,5411,�؉��ՔV��,���̂����Ƃ�̂���,����
1606,5412,�v�ۓc���,���ڂ��Ȃ���,����
1607,5413,�{��ߍ�,�݂€�Ȃ�,����
1608,5414,���V�p��,�Ȃ����킦��,���
1609,5415,��������,���ׂ݂Ђ�,����
1610,5416,���c�^��,�����܂���,�O�d
1611,5417,��������,����Ȃ�����,����
1612,5418,�x�����C,�ق肤������,���
1613,5419,�N�䔹,�����炢�͂��,���
1614,5420,�g������,�悵�͂炩������,����
